[{"episode":"1","name":"Episode #2.1","imdb_id":"tt0734826"},{"episode":"2","name":"Episode #2.2","imdb_id":"tt0734817"},{"episode":"3","name":"Episode #2.3","imdb_id":"tt0734836"},{"episode":"4","name":"Episode #2.4","imdb_id":"tt0734823"},{"episode":"5","name":"Episode #2.5","imdb_id":"tt0734838"},{"episode":"6","name":"Episode #2.6","imdb_id":"tt0734819"},{"episode":"7","name":"Episode #2.7","imdb_id":"tt0734824"},{"episode":"8","name":"Episode #2.8","imdb_id":"tt0734822"},{"episode":"9","name":"Episode #2.9","imdb_id":"tt0734814"},{"episode":"10","name":"Episode #2.10","imdb_id":"tt0734820"},{"episode":"11","name":"Episode #2.11","imdb_id":"tt0734825"},{"episode":"12","name":"Episode #2.12","imdb_id":"tt0734833"},{"episode":"13","name":"Episode #2.13","imdb_id":"tt0734816"},{"episode":"14","name":"Episode #2.14","imdb_id":"tt0734821"},{"episode":"15","name":"Episode #2.15","imdb_id":"tt0734832"},{"episode":"16","name":"Episode #2.16","imdb_id":"tt0734834"},{"episode":"17","name":"Episode #2.17","imdb_id":"tt0734842"},{"episode":"18","name":"Episode #2.18","imdb_id":"tt0734828"},{"episode":"19","name":"Episode #2.19","imdb_id":"tt0734841"},{"episode":"20","name":"Episode #2.20","imdb_id":"tt0734839"},{"episode":"21","name":"Episode #2.21","imdb_id":"tt0734827"},{"episode":"22","name":"Episode #2.22","imdb_id":"tt0734815"}]