[{"episode":"1","name":"The One with Ross's New Girlfriend","imdb_id":"tt0583562"},{"episode":"2","name":"The One with the Breast Milk","imdb_id":"tt0583583"},{"episode":"3","name":"The One Where Heckles Dies","imdb_id":"tt0583453"},{"episode":"4","name":"The One with Phoebe's Husband","imdb_id":"tt0583539"},{"episode":"5","name":"The One with Five Steaks and an Eggplant","imdb_id":"tt0583519"},{"episode":"6","name":"The One with the Baby on the Bus","imdb_id":"tt0583574"},{"episode":"7","name":"The One Where Ross Finds Out","imdb_id":"tt0583481"},{"episode":"8","name":"The One with the List","imdb_id":"tt0583625"},{"episode":"9","name":"The One with Phoebe's Dad","imdb_id":"tt0583537"},{"episode":"10","name":"The One with Russ","imdb_id":"tt0583567"},{"episode":"11","name":"The One with the Lesbian Wedding","imdb_id":"tt0583624"},{"episode":"12","name":"The One After the Superbowl: Part 1","imdb_id":"tt0583439"},{"episode":"13","name":"The One After the Superbowl: Part 2","imdb_id":"tt0831047"},{"episode":"14","name":"The One with the Prom Video","imdb_id":"tt0583635"},{"episode":"15","name":"The One Where Ross and Rachel... You Know","imdb_id":"tt0583488"},{"episode":"16","name":"The One Where Joey Moves Out","imdb_id":"tt0583456"},{"episode":"17","name":"The One Where Eddie Moves In","imdb_id":"tt0583448"},{"episode":"18","name":"The One Where Dr. Ramoray Dies","imdb_id":"tt0583447"},{"episode":"19","name":"The One Where Eddie Won't Go","imdb_id":"tt0583449"},{"episode":"20","name":"The One Where Old Yeller Dies","imdb_id":"tt0583465"},{"episode":"21","name":"The One with the Bullies","imdb_id":"tt0583584"},{"episode":"22","name":"The One with the Two Parties","imdb_id":"tt0583656"},{"episode":"23","name":"The One with the Chicken Pox","imdb_id":"tt0583591"},{"episode":"24","name":"The One with Barry and Mindy's Wedding","imdb_id":"tt0583514"}]