[{"episode":"1","name":"The One with the Jellyfish","imdb_id":"tt0583620"},{"episode":"2","name":"The One with the Cat","imdb_id":"tt0583588"},{"episode":"3","name":"The One with the 'Cuffs","imdb_id":"tt0583571"},{"episode":"4","name":"The One with the Ballroom Dancing","imdb_id":"tt0583576"},{"episode":"5","name":"The One with Joey's New Girlfriend","imdb_id":"tt0583529"},{"episode":"6","name":"The One with the Dirty Girl","imdb_id":"tt0583595"},{"episode":"7","name":"The One Where Chandler Crosses the Line","imdb_id":"tt0583444"},{"episode":"8","name":"The One with Chandler in a Box","imdb_id":"tt0583515"},{"episode":"9","name":"The One Where They're Going to Party!","imdb_id":"tt0583490"},{"episode":"10","name":"The One with the Girl from Poughkeepsie","imdb_id":"tt0583611"},{"episode":"11","name":"The One with Phoebe's Uterus","imdb_id":"tt0583541"},{"episode":"12","name":"The One with the Embryos","imdb_id":"tt0583600"},{"episode":"13","name":"The One with Rachel's Crush","imdb_id":"tt0583547"},{"episode":"14","name":"The One with Joey's Dirty Day","imdb_id":"tt0583525"},{"episode":"15","name":"The One with All the Rugby","imdb_id":"tt0583512"},{"episode":"16","name":"The One with the Fake Party","imdb_id":"tt0583604"},{"episode":"17","name":"The One with the Free Porn","imdb_id":"tt0583608"},{"episode":"18","name":"The One with Rachel's New Dress","imdb_id":"tt0583552"},{"episode":"19","name":"The One with All the Haste","imdb_id":"tt0583505"},{"episode":"20","name":"The One with All the Wedding Dresses","imdb_id":"tt0583513"},{"episode":"21","name":"The One with the Invitation","imdb_id":"tt0583618"},{"episode":"22","name":"The One with the Worst Best Man Ever","imdb_id":"tt0583659"},{"episode":"23","name":"The One with Ross's Wedding: Part 1","imdb_id":"tt0583566"},{"episode":"24","name":"The One with Ross's Wedding: Part 2","imdb_id":"tt0831991"}]