[{"episode":"1","name":"Ap\u00e9ritif","imdb_id":"tt2370419"},{"episode":"2","name":"Amuse-Bouche","imdb_id":"tt2373027"},{"episode":"3","name":"Potage","imdb_id":"tt2373029"},{"episode":"4","name":"Oeuf","imdb_id":"tt2373031"},{"episode":"5","name":"Coquilles","imdb_id":"tt2373033"},{"episode":"6","name":"Entr\u00e9e","imdb_id":"tt2373035"},{"episode":"7","name":"Sorbet","imdb_id":"tt2373037"},{"episode":"8","name":"Fromage","imdb_id":"tt2373039"},{"episode":"9","name":"Trou Normand","imdb_id":"tt2373041"},{"episode":"10","name":"Buffet Froid","imdb_id":"tt2373019"},{"episode":"11","name":"R\u00f4ti","imdb_id":"tt2373021"},{"episode":"12","name":"Relev\u00e9s","imdb_id":"tt2373023"},{"episode":"13","name":"Savoureux","imdb_id":"tt2373025"}]