[{"episode":"1","name":"What If... Captain Carter Were the First Avenger?","imdb_id":"tt10670784"},{"episode":"2","name":"What If... T'Challa Became a Star-Lord?","imdb_id":"tt13106186"},{"episode":"3","name":"What If... The World Lost Its Mightiest Heroes?","imdb_id":"tt13106188"},{"episode":"4","name":"What If... Doctor Strange Lost His Heart Instead of His Hands?","imdb_id":"tt13106190"},{"episode":"5","name":"What If... Zombies?!","imdb_id":"tt13106194"},{"episode":"6","name":"What If... Killmonger Rescued Tony Stark?","imdb_id":"tt13106196"},{"episode":"7","name":"Episode #1.7","imdb_id":"tt13106200"},{"episode":"8","name":"Episode #1.8","imdb_id":"tt15387948"},{"episode":"9","name":"Episode #1.9","imdb_id":"tt13106212"}]