[{"episode":"1","name":"3 AM","imdb_id":"tt5690490"},{"episode":"2","name":"Two Dead Men","imdb_id":"tt5690496"},{"episode":"3","name":"Kandahar","imdb_id":"tt5690500"},{"episode":"4","name":"Resupply","imdb_id":"tt5690506"},{"episode":"5","name":"Gunner","imdb_id":"tt5690514"},{"episode":"6","name":"The Judas Goat","imdb_id":"tt5690526"},{"episode":"7","name":"Crosshairs","imdb_id":"tt5690528"},{"episode":"8","name":"Cold Steel","imdb_id":"tt5690534"},{"episode":"9","name":"Front Toward Enemy","imdb_id":"tt5690538"},{"episode":"10","name":"Virtue of the Vicious","imdb_id":"tt5690544"},{"episode":"11","name":"Danger Close","imdb_id":"tt5690548"},{"episode":"12","name":"Home","imdb_id":"tt5690552"},{"episode":"13","name":"Memento Mori","imdb_id":"tt5690560"}]