[{"episode":"1","name":"Rivals","imdb_id":"tt7244000"},{"episode":"2","name":"Golden Boy","imdb_id":"tt8014990"},{"episode":"3","name":"Maid of the Island","imdb_id":"tt8015006"},{"episode":"4","name":"Truth or Dare","imdb_id":"tt8015010"},{"episode":"5","name":"Sweet 16","imdb_id":"tt8015016"},{"episode":"6","name":"Runaway","imdb_id":"tt8016722"},{"episode":"7","name":"Bob","imdb_id":"tt8016726"},{"episode":"8","name":"Gaby","imdb_id":"tt8016728"},{"episode":"9","name":"Road Trip","imdb_id":"tt7639176"},{"episode":"10","name":"Nationals","imdb_id":"tt8016732"},{"episode":"11","name":"The 12 Neighs of Christmas","imdb_id":"tt8381988"}]