[{"episode":"1","name":"Efectuar lo acordado","imdb_id":"tt6807344"},{"episode":"2","name":"Imprudencias letales","imdb_id":"tt6798708"},{"episode":"3","name":"Errar al disparar","imdb_id":"tt6851488"},{"episode":"4","name":"Caballo de Troya","imdb_id":"tt6851490"},{"episode":"5","name":"El d\u00eda de la marmota","imdb_id":"tt6851492"},{"episode":"6","name":"La c\u00e1lida Guerra Fr\u00eda","imdb_id":"tt6851494"},{"episode":"7","name":"Refrigerada inestabilidad","imdb_id":"tt6851496"},{"episode":"8","name":"T\u00fa lo has buscado","imdb_id":"tt6851500"},{"episode":"9","name":"El que la sigue la consigue","imdb_id":"tt6851502"}]