[{"episode":"1","name":"The One Where No One Proposes","imdb_id":"tt0583463"},{"episode":"2","name":"The One Where Emma Cries","imdb_id":"tt0583450"},{"episode":"3","name":"The One with the Pediatrician","imdb_id":"tt0583633"},{"episode":"4","name":"The One with the Sharks","imdb_id":"tt0583645"},{"episode":"5","name":"The One with Phoebe's Birthday Dinner","imdb_id":"tt0583535"},{"episode":"6","name":"The One with the Male Nanny","imdb_id":"tt0583627"},{"episode":"7","name":"The One with Ross's Inappropriate Song","imdb_id":"tt0583561"},{"episode":"8","name":"The One with Rachel's Other Sister","imdb_id":"tt0583553"},{"episode":"9","name":"The One with Rachel's Phone Number","imdb_id":"tt0583554"},{"episode":"10","name":"The One with Christmas in Tulsa","imdb_id":"tt0583518"},{"episode":"11","name":"The One Where Rachel Goes Back to Work","imdb_id":"tt0583470"},{"episode":"12","name":"The One with Phoebe's Rats","imdb_id":"tt0583540"},{"episode":"13","name":"The One Where Monica Sings","imdb_id":"tt0583460"},{"episode":"14","name":"The One with the Blind Dates","imdb_id":"tt0583580"},{"episode":"15","name":"The One with the Mugging","imdb_id":"tt0583631"},{"episode":"16","name":"The One with the Boob Job","imdb_id":"tt0583581"},{"episode":"17","name":"The One with the Memorial Service","imdb_id":"tt0583628"},{"episode":"18","name":"The One with the Lottery","imdb_id":"tt0583626"},{"episode":"19","name":"The One with Rachel's Dream","imdb_id":"tt0583549"},{"episode":"20","name":"The One with the Soap Opera Party","imdb_id":"tt0583646"},{"episode":"21","name":"The One with the Fertility Test","imdb_id":"tt0583605"},{"episode":"22","name":"The One with the Donor","imdb_id":"tt0583597"},{"episode":"23","name":"The One in Barbados","imdb_id":"tt0583497"},{"episode":"24","name":"The One in Barbados","imdb_id":"tt0583498"}]