[{"episode":"1","name":"The One After I Do","imdb_id":"tt0583435"},{"episode":"2","name":"The One with the Red Sweater","imdb_id":"tt0583638"},{"episode":"3","name":"The One Where Rachel Tells...","imdb_id":"tt0583476"},{"episode":"4","name":"The One with the Videotape","imdb_id":"tt0583658"},{"episode":"5","name":"The One with Rachel's Date","imdb_id":"tt0583548"},{"episode":"6","name":"The One with the Halloween Party","imdb_id":"tt0583612"},{"episode":"7","name":"The One with the Stain","imdb_id":"tt0583648"},{"episode":"8","name":"The One with the Stripper","imdb_id":"tt0583650"},{"episode":"9","name":"The One with the Rumor","imdb_id":"tt0583642"},{"episode":"10","name":"The One with Monica's Boots","imdb_id":"tt0583533"},{"episode":"11","name":"The One with Ross's Step Forward","imdb_id":"tt0583594"},{"episode":"12","name":"The One Where Joey Dates Rachel","imdb_id":"tt0583454"},{"episode":"13","name":"The One Where Chandler Takes a Bath","imdb_id":"tt0583446"},{"episode":"14","name":"The One with the Secret Closet","imdb_id":"tt0583644"},{"episode":"15","name":"The One with the Birthing Video","imdb_id":"tt0583578"},{"episode":"16","name":"The One Where Joey Tells Rachel","imdb_id":"tt0583458"},{"episode":"17","name":"The One with the Tea Leaves","imdb_id":"tt0583651"},{"episode":"18","name":"The One in Massapequa","imdb_id":"tt0583499"},{"episode":"19","name":"The One with Joey's Interview","imdb_id":"tt0583527"},{"episode":"20","name":"The One with the Baby Shower","imdb_id":"tt0583573"},{"episode":"21","name":"The One with the Cooking Class","imdb_id":"tt0583592"},{"episode":"22","name":"The One Where Rachel Is Late","imdb_id":"tt0583473"},{"episode":"23","name":"The One Where Rachel Has a Baby: Part 1","imdb_id":"tt0583471"},{"episode":"24","name":"The One Where Rachel Has a Baby: Part 2","imdb_id":"tt0583472"}]