[{"episode":"1","name":"El final del camino","imdb_id":"tt12806954"},{"episode":"2","name":"\u00bfCrees en la reencarnaci\u00f3n?","imdb_id":"tt14534006"},{"episode":"3","name":"El espect\u00e1culo de la vida","imdb_id":"tt14534008"},{"episode":"4","name":"Tu sitio en el cielo","imdb_id":"tt14534010"},{"episode":"5","name":"Vivir muchas vidas","imdb_id":"tt14534012"},{"episode":"6","name":"Episode #5.6","imdb_id":"tt14534014"},{"episode":"7","name":"Episode #5.7","imdb_id":"tt14534016"},{"episode":"8","name":"Episode #5.8","imdb_id":"tt14534018"},{"episode":"9","name":"Episode #5.9","imdb_id":"tt14534020"},{"episode":"10","name":"Episode #5.10","imdb_id":"tt14534022"}]