[{"episode":"1","name":"The One with Monica's Thunder","imdb_id":"tt0756483"},{"episode":"2","name":"The One with Rachel's Book","imdb_id":"tt0583546"},{"episode":"3","name":"The One with Phoebe's Cookies","imdb_id":"tt0583536"},{"episode":"4","name":"The One with Rachel's Assistant","imdb_id":"tt0583544"},{"episode":"5","name":"The One with the Engagement Picture","imdb_id":"tt0583601"},{"episode":"6","name":"The One with the Nap Partners","imdb_id":"tt0583632"},{"episode":"7","name":"The One with Ross's Library Book","imdb_id":"tt0583558"},{"episode":"8","name":"The One Where Chandler Doesn't Like Dogs","imdb_id":"tt0583431"},{"episode":"9","name":"The One with All the Candy","imdb_id":"tt0583503"},{"episode":"10","name":"The One with the Holiday Armadillo","imdb_id":"tt0583613"},{"episode":"11","name":"The One with All the Cheesecakes","imdb_id":"tt0583504"},{"episode":"12","name":"The One Where They're Up All Night","imdb_id":"tt0583491"},{"episode":"13","name":"The One Where Rosita Dies","imdb_id":"tt0583478"},{"episode":"14","name":"The One Where They All Turn Thirty","imdb_id":"tt0583489"},{"episode":"15","name":"The One with Joey's New Brain","imdb_id":"tt0583528"},{"episode":"16","name":"The One with the Truth About London","imdb_id":"tt0583655"},{"episode":"17","name":"The One with the Cheap Wedding Dress","imdb_id":"tt0583589"},{"episode":"18","name":"The One with Joey's Award","imdb_id":"tt0583522"},{"episode":"19","name":"The One with Ross and Monica's Cousin","imdb_id":"tt0583556"},{"episode":"20","name":"The One with Rachel's Big Kiss","imdb_id":"tt0583545"},{"episode":"21","name":"The One with the Vows","imdb_id":"tt0756484"},{"episode":"22","name":"The One with Chandler's Dad","imdb_id":"tt0583516"},{"episode":"23","name":"The One with Monica and Chandler's Wedding: Part 1","imdb_id":"tt0583531"},{"episode":"24","name":"The One with Monica and Chandler's Wedding: Part 2","imdb_id":"tt0583532"}]