[{"episode":"1","name":"Roadhouse Blues","imdb_id":"tt7746006"},{"episode":"2","name":"Fight or Flight","imdb_id":"tt8050238"},{"episode":"3","name":"Trouble the Water","imdb_id":"tt8230684"},{"episode":"4","name":"Scar Tissue","imdb_id":"tt8762254"},{"episode":"5","name":"One-Eyed Jacks","imdb_id":"tt8709448"},{"episode":"6","name":"Nakazat","imdb_id":"tt8762262"},{"episode":"7","name":"One Bad Day","imdb_id":"tt8762270"},{"episode":"8","name":"My Brother's Keeper","imdb_id":"tt8581084"},{"episode":"9","name":"Flustercluck","imdb_id":"tt8390538"},{"episode":"10","name":"The Dark Hearts of Men","imdb_id":"tt8639358"},{"episode":"11","name":"The Abyss","imdb_id":"tt8737922"},{"episode":"12","name":"Collision Course","imdb_id":"tt8737924"},{"episode":"13","name":"The Whirlwind","imdb_id":"tt8737926"}]