[{"episode":"1","name":"Antipasto","imdb_id":"tt3724578"},{"episode":"2","name":"Primavera","imdb_id":"tt3984450"},{"episode":"3","name":"Secondo","imdb_id":"tt3984452"},{"episode":"4","name":"Aperitivo","imdb_id":"tt3984456"},{"episode":"5","name":"Contorno","imdb_id":"tt4035340"},{"episode":"6","name":"Dolce","imdb_id":"tt4057954"},{"episode":"7","name":"Digestivo","imdb_id":"tt4057962"},{"episode":"8","name":"The Great Red Dragon","imdb_id":"tt4057974"},{"episode":"9","name":"...And the Woman Clothed with the Sun","imdb_id":"tt4089740"},{"episode":"10","name":"...And the Woman Clothed in Sun","imdb_id":"tt4089746"},{"episode":"11","name":"...And the Beast from the Sea","imdb_id":"tt4089748"},{"episode":"12","name":"The Number of the Beast Is 666","imdb_id":"tt4089752"},{"episode":"13","name":"The Wrath of the Lamb","imdb_id":"tt4089754"}]