[{"episode":"1","name":"Raven","imdb_id":"tt6936760"},{"episode":"2","name":"Close Up","imdb_id":"tt6952500"},{"episode":"3","name":"Spying on Pin","imdb_id":"tt6952502"},{"episode":"4","name":"Pony Camp!","imdb_id":"tt6952504"},{"episode":"5","name":"The Sleepover","imdb_id":"tt6952506"},{"episode":"6","name":"Horse Thief Hero","imdb_id":"tt6952508"},{"episode":"7","name":"Emerald","imdb_id":"tt6952512"},{"episode":"8","name":"Pony Prom","imdb_id":"tt6952516"},{"episode":"9","name":"The Search","imdb_id":"tt6952518"},{"episode":"10","name":"Show-down","imdb_id":"tt6952520"}]