[{"episode":"1","name":"The One After Ross Says Rachel","imdb_id":"tt0583437"},{"episode":"2","name":"The One with All the Kissing","imdb_id":"tt0583507"},{"episode":"3","name":"The One Hundredth","imdb_id":"tt0583440"},{"episode":"4","name":"The One Where Phoebe Hates PBS","imdb_id":"tt0583467"},{"episode":"5","name":"The One with the Kips","imdb_id":"tt0583622"},{"episode":"6","name":"The One with the Yeti","imdb_id":"tt0583660"},{"episode":"7","name":"The One Where Ross Moves In","imdb_id":"tt0583486"},{"episode":"8","name":"The One with All the Thanksgivings","imdb_id":"tt0583652"},{"episode":"9","name":"The One with Ross's Sandwich","imdb_id":"tt0583563"},{"episode":"10","name":"The One with the Inappropriate Sister","imdb_id":"tt0583617"},{"episode":"11","name":"The One with All the Resolutions","imdb_id":"tt0583511"},{"episode":"12","name":"The One with Chandler's Work Laugh","imdb_id":"tt0583517"},{"episode":"13","name":"The One with Joey's Bag","imdb_id":"tt0583523"},{"episode":"14","name":"The One Where Everybody Finds Out","imdb_id":"tt0583452"},{"episode":"15","name":"The One with the Girl Who Hits Joey","imdb_id":"tt0583610"},{"episode":"16","name":"The One with the Cop","imdb_id":"tt0583593"},{"episode":"17","name":"The One with Rachel's Inadvertent Kiss","imdb_id":"tt0583551"},{"episode":"18","name":"The One Where Rachel Smokes","imdb_id":"tt0583475"},{"episode":"19","name":"The One Where Ross Can't Flirt","imdb_id":"tt0583479"},{"episode":"20","name":"The One with the Ride Along","imdb_id":"tt0583639"},{"episode":"21","name":"The One with the Ball","imdb_id":"tt0583575"},{"episode":"22","name":"The One with Joey's Big Break","imdb_id":"tt0583524"},{"episode":"23","name":"The One in Vegas: Part 1","imdb_id":"tt0583500"},{"episode":"24","name":"The One in Vegas: Part 2","imdb_id":"tt0831990"}]