[{"episode":"1","name":"Valentine's Day","imdb_id":"tt8382012"},{"episode":"2","name":"Wild Horses","imdb_id":"tt9067430"},{"episode":"3","name":"Hunted","imdb_id":"tt10596696"},{"episode":"4","name":"Ariel","imdb_id":"tt8440080"},{"episode":"5","name":"The Tea Party","imdb_id":"tt8454302"},{"episode":"6","name":"Foal O'Clock","imdb_id":"tt9067364"},{"episode":"7","name":"Pony Safari","imdb_id":"tt9067370"},{"episode":"8","name":"Tryouts","imdb_id":"tt9067384"},{"episode":"9","name":"Princess","imdb_id":"tt9067402"},{"episode":"10","name":"Victory Parade","imdb_id":"tt9067416"},{"episode":"11","name":"S.O.S.","imdb_id":"tt9067424"}]