[{"episode":"1","name":"Game over","imdb_id":"tt11312408"},{"episode":"2","name":"La boda de Berl\u00edn","imdb_id":"tt11410648"},{"episode":"3","name":"Lecci\u00f3n de anatom\u00eda","imdb_id":"tt11410656"},{"episode":"4","name":"Suspiros de Espa\u00f1a","imdb_id":"tt11410662"},{"episode":"5","name":"5 minutos antes","imdb_id":"tt11410670"},{"episode":"6","name":"KO t\u00e9cnico","imdb_id":"tt11410672"},{"episode":"7","name":"Tumbar la carpa","imdb_id":"tt11410682"},{"episode":"8","name":"Plan Par\u00eds","imdb_id":"tt11417776"}]