[{"episode":"1","name":"Hemos vuelto","imdb_id":"tt8299494"},{"episode":"2","name":"Aikido","imdb_id":"tt8299496"},{"episode":"3","name":"48 metros bajo el suelo","imdb_id":"tt8299498"},{"episode":"4","name":"La hora del delf\u00edn","imdb_id":"tt8299500"},{"episode":"5","name":"Bum, bum, ciao","imdb_id":"tt8299502"},{"episode":"6","name":"Todo pareci\u00f3 insignificante","imdb_id":"tt8299504"},{"episode":"7","name":"Peque\u00f1as vacaciones","imdb_id":"tt8299506"},{"episode":"8","name":"La deriva","imdb_id":"tt8299508"}]