[{"episode":"1","name":"Kaiseki","imdb_id":"tt3000124"},{"episode":"2","name":"Sakizuke","imdb_id":"tt3230882"},{"episode":"3","name":"Hassun","imdb_id":"tt3230884"},{"episode":"4","name":"Takiawase","imdb_id":"tt3230886"},{"episode":"5","name":"Mukozuke","imdb_id":"tt3230890"},{"episode":"6","name":"Futamono","imdb_id":"tt3230896"},{"episode":"7","name":"Yakimono","imdb_id":"tt3230898"},{"episode":"8","name":"Su-zakana","imdb_id":"tt3230894"},{"episode":"9","name":"Shiizakana","imdb_id":"tt3230900"},{"episode":"10","name":"Naka-Choko","imdb_id":"tt3230904"},{"episode":"11","name":"Ko no Mono","imdb_id":"tt3230906"},{"episode":"12","name":"Tome-wan","imdb_id":"tt3230910"},{"episode":"13","name":"Mizumono","imdb_id":"tt3230908"}]