{"result":[{"rank":"1","id":"tt0111161","name":"The Shawshank Redemption","rate":"9.2"},{"rank":"2","id":"tt0068646","name":"The Godfather","rate":"9.1"},{"rank":"3","id":"tt0071562","name":"The Godfather: Part II","rate":"9.0"},{"rank":"4","id":"tt0468569","name":"The Dark Knight","rate":"9.0"},{"rank":"5","id":"tt0050083","name":"12 Angry Men","rate":"8.9"},{"rank":"6","id":"tt0108052","name":"Schindler's List","rate":"8.9"},{"rank":"7","id":"tt0167260","name":"The Lord of the Rings: The Return of the King","rate":"8.9"},{"rank":"8","id":"tt0110912","name":"Pulp Fiction","rate":"8.8"},{"rank":"9","id":"tt0060196","name":"The Good, the Bad and the Ugly","rate":"8.8"},{"rank":"10","id":"tt0120737","name":"The Lord of the Rings: The Fellowship of the Ring","rate":"8.8"},{"rank":"11","id":"tt0137523","name":"Fight Club","rate":"8.8"},{"rank":"12","id":"tt0109830","name":"Forrest Gump","rate":"8.7"},{"rank":"13","id":"tt1375666","name":"Inception","rate":"8.7"},{"rank":"14","id":"tt0167261","name":"The Lord of the Rings: The Two Towers","rate":"8.7"},{"rank":"15","id":"tt0080684","name":"Star Wars: Episode V - The Empire Strikes Back","rate":"8.7"},{"rank":"16","id":"tt0133093","name":"The Matrix","rate":"8.6"},{"rank":"17","id":"tt0099685","name":"Goodfellas","rate":"8.6"},{"rank":"18","id":"tt0073486","name":"One Flew Over the Cuckoo's Nest","rate":"8.6"},{"rank":"19","id":"tt0047478","name":"Seven Samurai","rate":"8.6"},{"rank":"20","id":"tt0114369","name":"Se7en","rate":"8.6"},{"rank":"21","id":"tt0102926","name":"The Silence of the Lambs","rate":"8.6"},{"rank":"22","id":"tt0317248","name":"City of God","rate":"8.6"},{"rank":"23","id":"tt0118799","name":"Life Is Beautiful","rate":"8.6"},{"rank":"24","id":"tt0038650","name":"It's a Wonderful Life","rate":"8.6"},{"rank":"25","id":"tt0076759","name":"Star Wars: Episode IV - A New Hope","rate":"8.6"},{"rank":"26","id":"tt0120815","name":"Saving Private Ryan","rate":"8.5"},{"rank":"27","id":"tt0816692","name":"Interstellar","rate":"8.5"},{"rank":"28","id":"tt0245429","name":"Spirited Away","rate":"8.5"},{"rank":"29","id":"tt0120689","name":"The Green Mile","rate":"8.5"},{"rank":"30","id":"tt6751668","name":"Parasite","rate":"8.5"},{"rank":"31","id":"tt0110413","name":"L\u00e9on: The Professional","rate":"8.5"},{"rank":"32","id":"tt0056058","name":"Hara-Kiri","rate":"8.5"},{"rank":"33","id":"tt0253474","name":"The Pianist","rate":"8.5"},{"rank":"34","id":"tt0114814","name":"The Usual Suspects","rate":"8.5"},{"rank":"35","id":"tt0103064","name":"Terminator 2: Judgment Day","rate":"8.5"},{"rank":"36","id":"tt0088763","name":"Back to the Future","rate":"8.5"},{"rank":"37","id":"tt0054215","name":"Psycho","rate":"8.5"},{"rank":"38","id":"tt0110357","name":"The Lion King","rate":"8.5"},{"rank":"39","id":"tt0027977","name":"Modern Times","rate":"8.5"},{"rank":"40","id":"tt0120586","name":"American History X","rate":"8.5"},{"rank":"41","id":"tt0021749","name":"City Lights","rate":"8.5"},{"rank":"42","id":"tt0095327","name":"Grave of the Fireflies","rate":"8.5"},{"rank":"43","id":"tt2582802","name":"Whiplash","rate":"8.5"},{"rank":"44","id":"tt0172495","name":"Gladiator","rate":"8.5"},{"rank":"45","id":"tt0407887","name":"The Departed","rate":"8.5"},{"rank":"46","id":"tt1675434","name":"The Intouchables","rate":"8.5"},{"rank":"47","id":"tt0482571","name":"The Prestige","rate":"8.5"},{"rank":"48","id":"tt0034583","name":"Casablanca","rate":"8.4"},{"rank":"49","id":"tt0064116","name":"Once Upon a Time in the West","rate":"8.4"},{"rank":"50","id":"tt0047396","name":"Rear Window","rate":"8.4"},{"rank":"51","id":"tt0095765","name":"Cinema Paradiso","rate":"8.4"},{"rank":"52","id":"tt0078748","name":"Alien","rate":"8.4"},{"rank":"53","id":"tt0078788","name":"Apocalypse Now","rate":"8.4"},{"rank":"54","id":"tt0209144","name":"Memento","rate":"8.4"},{"rank":"55","id":"tt0082971","name":"Indiana Jones and the Raiders of the Lost Ark","rate":"8.4"},{"rank":"56","id":"tt0032553","name":"The Great Dictator","rate":"8.4"},{"rank":"57","id":"tt0405094","name":"The Lives of Others","rate":"8.4"},{"rank":"58","id":"tt1853728","name":"Django Unchained","rate":"8.4"},{"rank":"59","id":"tt0050825","name":"Paths of Glory","rate":"8.4"},{"rank":"60","id":"tt0043014","name":"Sunset Blvd.","rate":"8.4"},{"rank":"61","id":"tt0910970","name":"WALL\u00b7E","rate":"8.4"},{"rank":"62","id":"tt4154756","name":"Avengers: Infinity War","rate":"8.4"},{"rank":"63","id":"tt0081505","name":"The Shining","rate":"8.4"},{"rank":"64","id":"tt0051201","name":"Witness for the Prosecution","rate":"8.4"},{"rank":"65","id":"tt4633694","name":"Spider-Man: Into the Spider-Verse","rate":"8.4"},{"rank":"66","id":"tt0057012","name":"Dr. Strangelove or: How I Learned to Stop Worrying and Love the Bomb","rate":"8.4"},{"rank":"67","id":"tt7286456","name":"Joker","rate":"8.3"},{"rank":"68","id":"tt0119698","name":"Princess Mononoke","rate":"8.3"},{"rank":"69","id":"tt0364569","name":"Oldboy","rate":"8.3"},{"rank":"70","id":"tt5311514","name":"Your Name.","rate":"8.3"},{"rank":"71","id":"tt0087843","name":"Once Upon a Time in America","rate":"8.3"},{"rank":"72","id":"tt1345836","name":"The Dark Knight Rises","rate":"8.3"},{"rank":"73","id":"tt0090605","name":"Aliens","rate":"8.3"},{"rank":"74","id":"tt2380307","name":"Coco","rate":"8.3"},{"rank":"75","id":"tt8267604","name":"Capernaum","rate":"8.3"},{"rank":"76","id":"tt8503618","name":"Hamilton","rate":"8.3"},{"rank":"77","id":"tt4154796","name":"Avengers: Endgame","rate":"8.3"},{"rank":"78","id":"tt0082096","name":"Das Boot","rate":"8.3"},{"rank":"79","id":"tt0057565","name":"High and Low","rate":"8.3"},{"rank":"80","id":"tt0169547","name":"American Beauty","rate":"8.3"},{"rank":"81","id":"tt0114709","name":"Toy Story","rate":"8.3"},{"rank":"82","id":"tt1187043","name":"3 Idiots","rate":"8.3"},{"rank":"83","id":"tt0086879","name":"Amadeus","rate":"8.3"},{"rank":"84","id":"tt0112573","name":"Braveheart","rate":"8.3"},{"rank":"85","id":"tt0361748","name":"Inglourious Basterds","rate":"8.3"},{"rank":"86","id":"tt0119217","name":"Good Will Hunting","rate":"8.3"},{"rank":"87","id":"tt0086190","name":"Star Wars: Episode VI - Return of the Jedi","rate":"8.3"},{"rank":"88","id":"tt0062622","name":"2001: A Space Odyssey","rate":"8.3"},{"rank":"89","id":"tt0105236","name":"Reservoir Dogs","rate":"8.3"},{"rank":"90","id":"tt0022100","name":"M","rate":"8.3"},{"rank":"91","id":"tt0986264","name":"Like Stars on Earth","rate":"8.3"},{"rank":"92","id":"tt0052357","name":"Vertigo","rate":"8.3"},{"rank":"93","id":"tt0033467","name":"Citizen Kane","rate":"8.3"},{"rank":"94","id":"tt0091251","name":"Come and See","rate":"8.3"},{"rank":"95","id":"tt2106476","name":"The Hunt","rate":"8.3"},{"rank":"96","id":"tt0180093","name":"Requiem for a Dream","rate":"8.3"},{"rank":"97","id":"tt0045152","name":"Singin' in the Rain","rate":"8.3"},{"rank":"98","id":"tt0053125","name":"North by Northwest","rate":"8.3"},{"rank":"99","id":"tt0048473","name":"Pather Panchali","rate":"8.3"},{"rank":"100","id":"tt1160419","name":"Dune","rate":"8.3"},{"rank":"101","id":"tt0338013","name":"Eternal Sunshine of the Spotless Mind","rate":"8.3"},{"rank":"102","id":"tt0044741","name":"Ikiru","rate":"8.3"},{"rank":"103","id":"tt0040522","name":"Bicycle Thieves","rate":"8.3"},{"rank":"104","id":"tt0056172","name":"Lawrence of Arabia","rate":"8.2"},{"rank":"105","id":"tt0012349","name":"The Kid","rate":"8.2"},{"rank":"106","id":"tt0093058","name":"Full Metal Jacket","rate":"8.2"},{"rank":"107","id":"tt5074352","name":"Dangal","rate":"8.2"},{"rank":"108","id":"tt10272386","name":"The Father","rate":"8.2"},{"rank":"109","id":"tt0066921","name":"A Clockwork Orange","rate":"8.2"},{"rank":"110","id":"tt0053604","name":"The Apartment","rate":"8.2"},{"rank":"111","id":"tt0017136","name":"Metropolis","rate":"8.2"},{"rank":"112","id":"tt0075314","name":"Taxi Driver","rate":"8.2"},{"rank":"113","id":"tt1255953","name":"Incendies","rate":"8.2"},{"rank":"114","id":"tt0036775","name":"Double Indemnity","rate":"8.2"},{"rank":"115","id":"tt0070735","name":"The Sting","rate":"8.2"},{"rank":"116","id":"tt1832382","name":"A Separation","rate":"8.2"},{"rank":"117","id":"tt0086250","name":"Scarface","rate":"8.2"},{"rank":"118","id":"tt8579674","name":"1917","rate":"8.2"},{"rank":"119","id":"tt0208092","name":"Snatch","rate":"8.2"},{"rank":"120","id":"tt0211915","name":"Am\u00e9lie","rate":"8.2"},{"rank":"121","id":"tt0435761","name":"Toy Story 3","rate":"8.2"},{"rank":"122","id":"tt0056592","name":"To Kill a Mockingbird","rate":"8.2"},{"rank":"123","id":"tt0059578","name":"For a Few Dollars More","rate":"8.2"},{"rank":"124","id":"tt1049413","name":"Up","rate":"8.2"},{"rank":"125","id":"tt0097576","name":"Indiana Jones and the Last Crusade","rate":"8.2"},{"rank":"126","id":"tt0119488","name":"L.A. Confidential","rate":"8.2"},{"rank":"127","id":"tt0113277","name":"Heat","rate":"8.2"},{"rank":"128","id":"tt0042876","name":"Rashomon","rate":"8.2"},{"rank":"129","id":"tt0055630","name":"Yojimbo","rate":"8.2"},{"rank":"130","id":"tt0089881","name":"Ran","rate":"8.2"},{"rank":"131","id":"tt0095016","name":"Die Hard","rate":"8.2"},{"rank":"132","id":"tt6966692","name":"Green Book","rate":"8.2"},{"rank":"133","id":"tt0363163","name":"Downfall","rate":"8.2"},{"rank":"134","id":"tt0071853","name":"Monty Python and the Holy Grail","rate":"8.2"},{"rank":"135","id":"tt0042192","name":"All About Eve","rate":"8.2"},{"rank":"136","id":"tt0053291","name":"Some Like It Hot","rate":"8.2"},{"rank":"137","id":"tt0372784","name":"Batman Begins","rate":"8.2"},{"rank":"138","id":"tt0105695","name":"Unforgiven","rate":"8.2"},{"rank":"139","id":"tt0118849","name":"Children of Heaven","rate":"8.2"},{"rank":"140","id":"tt0347149","name":"Howl's Moving Castle","rate":"8.2"},{"rank":"141","id":"tt0993846","name":"The Wolf of Wall Street","rate":"8.2"},{"rank":"142","id":"tt0055031","name":"Judgment at Nuremberg","rate":"8.2"},{"rank":"143","id":"tt0057115","name":"The Great Escape","rate":"8.2"},{"rank":"144","id":"tt0112641","name":"Casino","rate":"8.2"},{"rank":"145","id":"tt0469494","name":"There Will Be Blood","rate":"8.2"},{"rank":"146","id":"tt0040897","name":"The Treasure of the Sierra Madre","rate":"8.2"},{"rank":"147","id":"tt0457430","name":"Pan's Labyrinth","rate":"8.1"},{"rank":"148","id":"tt0268978","name":"A Beautiful Mind","rate":"8.1"},{"rank":"149","id":"tt1305806","name":"The Secret in Their Eyes","rate":"8.1"},{"rank":"150","id":"tt0081398","name":"Raging Bull","rate":"8.1"},{"rank":"151","id":"tt0096283","name":"My Neighbor Totoro","rate":"8.1"},{"rank":"152","id":"tt0071315","name":"Chinatown","rate":"8.1"},{"rank":"153","id":"tt0120735","name":"Lock, Stock and Two Smoking Barrels","rate":"8.1"},{"rank":"154","id":"tt0015864","name":"The Gold Rush","rate":"8.1"},{"rank":"155","id":"tt1130884","name":"Shutter Island","rate":"8.1"},{"rank":"156","id":"tt0477348","name":"No Country for Old Men","rate":"8.1"},{"rank":"157","id":"tt0046912","name":"Dial M for Murder","rate":"8.1"},{"rank":"158","id":"tt0050976","name":"The Seventh Seal","rate":"8.1"},{"rank":"159","id":"tt5027774","name":"Three Billboards Outside Ebbing, Missouri","rate":"8.1"},{"rank":"160","id":"tt0080678","name":"The Elephant Man","rate":"8.1"},{"rank":"161","id":"tt0084787","name":"The Thing","rate":"8.1"},{"rank":"162","id":"tt0167404","name":"The Sixth Sense","rate":"8.1"},{"rank":"163","id":"tt4729430","name":"Klaus","rate":"8.1"},{"rank":"164","id":"tt0041959","name":"The Third Man","rate":"8.1"},{"rank":"165","id":"tt0050986","name":"Wild Strawberries","rate":"8.1"},{"rank":"166","id":"tt0434409","name":"V for Vendetta","rate":"8.1"},{"rank":"167","id":"tt0107290","name":"Jurassic Park","rate":"8.1"},{"rank":"168","id":"tt2096673","name":"Inside Out","rate":"8.1"},{"rank":"169","id":"tt0120382","name":"The Truman Show","rate":"8.1"},{"rank":"170","id":"tt0353969","name":"Memories of Murder","rate":"8.1"},{"rank":"171","id":"tt0083658","name":"Blade Runner","rate":"8.1"},{"rank":"172","id":"tt0117951","name":"Trainspotting","rate":"8.1"},{"rank":"173","id":"tt0050212","name":"The Bridge on the River Kwai","rate":"8.1"},{"rank":"174","id":"tt1291584","name":"Warrior","rate":"8.1"},{"rank":"175","id":"tt0116282","name":"Fargo","rate":"8.1"},{"rank":"176","id":"tt0266543","name":"Finding Nemo","rate":"8.1"},{"rank":"177","id":"tt0046438","name":"Tokyo Story","rate":"8.1"},{"rank":"178","id":"tt0031381","name":"Gone with the Wind","rate":"8.1"},{"rank":"179","id":"tt0266697","name":"Kill Bill: Vol. 1","rate":"8.1"},{"rank":"180","id":"tt0476735","name":"My Father and My Son","rate":"8.1"},{"rank":"181","id":"tt0047296","name":"On the Waterfront","rate":"8.1"},{"rank":"182","id":"tt0079944","name":"Stalker","rate":"8.1"},{"rank":"183","id":"tt3011894","name":"Wild Tales","rate":"8.1"},{"rank":"184","id":"tt0015324","name":"Sherlock Jr.","rate":"8.1"},{"rank":"185","id":"tt0017925","name":"The General","rate":"8.1"},{"rank":"186","id":"tt0077416","name":"The Deer Hunter","rate":"8.1"},{"rank":"187","id":"tt1205489","name":"Gran Torino","rate":"8.1"},{"rank":"188","id":"tt0060827","name":"Persona","rate":"8.1"},{"rank":"189","id":"tt2278388","name":"The Grand Budapest Hotel","rate":"8.1"},{"rank":"190","id":"tt1392214","name":"Prisoners","rate":"8.1"},{"rank":"191","id":"tt0978762","name":"Mary and Max","rate":"8.1"},{"rank":"192","id":"tt0112471","name":"Before Sunrise","rate":"8.1"},{"rank":"193","id":"tt0031679","name":"Mr. Smith Goes to Washington","rate":"8.1"},{"rank":"194","id":"tt3170832","name":"Room","rate":"8.1"},{"rank":"195","id":"tt0107207","name":"In the Name of the Father","rate":"8.1"},{"rank":"196","id":"tt0264464","name":"Catch Me If You Can","rate":"8.1"},{"rank":"197","id":"tt0072684","name":"Barry Lyndon","rate":"8.1"},{"rank":"198","id":"tt2267998","name":"Gone Girl","rate":"8.1"},{"rank":"199","id":"tt2119532","name":"Hacksaw Ridge","rate":"8.1"},{"rank":"200","id":"tt8108198","name":"Andhadhun","rate":"8.1"},{"rank":"201","id":"tt0035446","name":"To Be or Not to Be","rate":"8.1"},{"rank":"202","id":"tt0019254","name":"The Passion of Joan of Arc","rate":"8.1"},{"rank":"203","id":"tt1950186","name":"Ford v Ferrari","rate":"8.1"},{"rank":"204","id":"tt2024544","name":"12 Years a Slave","rate":"8.1"},{"rank":"205","id":"tt0118715","name":"The Big Lebowski","rate":"8.1"},{"rank":"206","id":"tt0892769","name":"How to Train Your Dragon","rate":"8.1"},{"rank":"207","id":"tt1392190","name":"Mad Max: Fury Road","rate":"8.1"},{"rank":"208","id":"tt0097165","name":"Dead Poets Society","rate":"8.1"},{"rank":"209","id":"tt0052618","name":"Ben-Hur","rate":"8.1"},{"rank":"210","id":"tt0077711","name":"Autumn Sonata","rate":"8.1"},{"rank":"211","id":"tt0046268","name":"The Wages of Fear","rate":"8.1"},{"rank":"212","id":"tt0405159","name":"Million Dollar Baby","rate":"8.1"},{"rank":"213","id":"tt1201607","name":"Harry Potter and the Deathly Hallows: Part 2","rate":"8.1"},{"rank":"214","id":"tt4016934","name":"The Handmaiden","rate":"8.1"},{"rank":"215","id":"tt0074958","name":"Network","rate":"8.1"},{"rank":"216","id":"tt0092005","name":"Stand by Me","rate":"8.1"},{"rank":"217","id":"tt0061512","name":"Cool Hand Luke","rate":"8.1"},{"rank":"218","id":"tt3315342","name":"Logan","rate":"8.1"},{"rank":"219","id":"tt0053198","name":"The 400 Blows","rate":"8.1"},{"rank":"220","id":"tt1954470","name":"Gangs of Wasseypur","rate":"8.0"},{"rank":"221","id":"tt1028532","name":"Hachi: A Dog's Tale","rate":"8.0"},{"rank":"222","id":"tt0113247","name":"La Haine","rate":"8.0"},{"rank":"223","id":"tt0116231","name":"The Bandit","rate":"8.0"},{"rank":"224","id":"tt0091763","name":"Platoon","rate":"8.0"},{"rank":"225","id":"tt1895587","name":"Spotlight","rate":"8.0"},{"rank":"226","id":"tt5323662","name":"A Silent Voice: The Movie","rate":"8.0"},{"rank":"227","id":"tt0079470","name":"Monty Python's Life of Brian","rate":"8.0"},{"rank":"228","id":"tt0032976","name":"Rebecca","rate":"8.0"},{"rank":"229","id":"tt0198781","name":"Monsters, Inc.","rate":"8.0"},{"rank":"230","id":"tt0395169","name":"Hotel Rwanda","rate":"8.0"},{"rank":"231","id":"tt1979320","name":"Rush","rate":"8.0"},{"rank":"232","id":"tt0118694","name":"In the Mood for Love","rate":"8.0"},{"rank":"233","id":"tt0758758","name":"Into the Wild","rate":"8.0"},{"rank":"234","id":"tt0060107","name":"Andrei Rublev","rate":"8.0"},{"rank":"235","id":"tt0245712","name":"Love's a Bitch","rate":"8.0"},{"rank":"236","id":"tt0075148","name":"Rocky","rate":"8.0"},{"rank":"237","id":"tt0025316","name":"It Happened One Night","rate":"8.0"},{"rank":"238","id":"tt0087544","name":"Nausica\u00e4 of the Valley of the Wind","rate":"8.0"},{"rank":"239","id":"tt0169858","name":"Neon Genesis Evangelion: The End of Evangelion","rate":"8.0"},{"rank":"240","id":"tt0058946","name":"The Battle of Algiers","rate":"8.0"},{"rank":"241","id":"tt0381681","name":"Before Sunset","rate":"8.0"},{"rank":"242","id":"tt0083922","name":"Fanny and Alexander","rate":"8.0"},{"rank":"243","id":"tt0111495","name":"Three Colors: Red","rate":"8.0"},{"rank":"244","id":"tt11032374","name":"Demon Slayer: Mugen Train","rate":"8.0"},{"rank":"245","id":"tt0087884","name":"Paris, Texas","rate":"8.0"},{"rank":"246","id":"tt0093779","name":"The Princess Bride","rate":"8.0"},{"rank":"247","id":"tt7060344","name":"Raatchasan","rate":"8.0"},{"rank":"248","id":"tt0048021","name":"Rififi","rate":"8.0"},{"rank":"249","id":"tt0050783","name":"Nights of Cabiria","rate":"8.0"},{"rank":"250","id":"tt0242519","name":"Hera Pheri","rate":"8.0"}],"created_at":1632245850}