{"result":[{"rank":"1","id":"tt5491994","name":"Planet Earth II","rate":"9.5"},{"rank":"2","id":"tt0795176","name":"Planet Earth","rate":"9.4"},{"rank":"3","id":"tt0903747","name":"Breaking Bad","rate":"9.4"},{"rank":"4","id":"tt0185906","name":"Band of Brothers","rate":"9.4"},{"rank":"5","id":"tt7366338","name":"Chernobyl","rate":"9.3"},{"rank":"6","id":"tt0306414","name":"The Wire","rate":"9.3"},{"rank":"7","id":"tt6769208","name":"Blue Planet II","rate":"9.3"},{"rank":"8","id":"tt9253866","name":"Our Planet","rate":"9.2"},{"rank":"9","id":"tt2395695","name":"Cosmos: A Spacetime Odyssey","rate":"9.2"},{"rank":"10","id":"tt0417299","name":"Avatar: The Last Airbender","rate":"9.2"},{"rank":"11","id":"tt0081846","name":"Cosmos","rate":"9.2"},{"rank":"12","id":"tt0944947","name":"Game of Thrones","rate":"9.2"},{"rank":"13","id":"tt0141842","name":"The Sopranos","rate":"9.2"},{"rank":"14","id":"tt2861424","name":"Rick and Morty","rate":"9.1"},{"rank":"15","id":"tt0071075","name":"The World at War","rate":"9.1"},{"rank":"16","id":"tt8420184","name":"The Last Dance","rate":"9.1"},{"rank":"17","id":"tt1533395","name":"Life","rate":"9.1"},{"rank":"18","id":"tt1355642","name":"Fullmetal Alchemist: Brotherhood","rate":"9.0"},{"rank":"19","id":"tt1475582","name":"Sherlock","rate":"9.0"},{"rank":"20","id":"tt1877514","name":"The Vietnam War","rate":"9.0"},{"rank":"21","id":"tt12392504","name":"Scam 1992: The Harshad Mehta Story","rate":"9.0"},{"rank":"22","id":"tt0052520","name":"The Twilight Zone","rate":"9.0"},{"rank":"23","id":"tt0296310","name":"The Blue Planet","rate":"9.0"},{"rank":"24","id":"tt0103359","name":"Batman: The Animated Series","rate":"9.0"},{"rank":"25","id":"tt10541088","name":"Clarkson's Farm","rate":"9.0"},{"rank":"26","id":"tt1806234","name":"Human Planet","rate":"9.0"},{"rank":"27","id":"tt7920978","name":"Persona","rate":"8.9"},{"rank":"28","id":"tt0303461","name":"Firefly","rate":"8.9"},{"rank":"29","id":"tt2092588","name":"Frozen Planet","rate":"8.9"},{"rank":"30","id":"tt0877057","name":"Death Note","rate":"8.9"},{"rank":"31","id":"tt0092337","name":"Dekalog","rate":"8.9"},{"rank":"32","id":"tt2356777","name":"True Detective","rate":"8.9"},{"rank":"33","id":"tt0213338","name":"Cowboy Bebop","rate":"8.9"},{"rank":"34","id":"tt0098769","name":"The Civil War","rate":"8.9"},{"rank":"35","id":"tt2802850","name":"Fargo","rate":"8.9"},{"rank":"36","id":"tt2560140","name":"Attack on Titan","rate":"8.9"},{"rank":"37","id":"tt2098220","name":"Hunter x Hunter","rate":"8.9"},{"rank":"38","id":"tt7137906","name":"When They See Us","rate":"8.9"},{"rank":"39","id":"tt0386676","name":"The Office","rate":"8.8"},{"rank":"40","id":"tt2571774","name":"Africa","rate":"8.8"},{"rank":"41","id":"tt1508238","name":"Apocalypse: The Second World War","rate":"8.8"},{"rank":"42","id":"tt3530232","name":"Last Week Tonight with John Oliver","rate":"8.8"},{"rank":"43","id":"tt0081912","name":"Only Fools and Horses","rate":"8.8"},{"rank":"44","id":"tt4742876","name":"TVF Pitchers","rate":"8.8"},{"rank":"45","id":"tt1865718","name":"Gravity Falls","rate":"8.8"},{"rank":"46","id":"tt0098904","name":"Seinfeld","rate":"8.8"},{"rank":"47","id":"tt0081834","name":"Das Boot","rate":"8.8"},{"rank":"48","id":"tt2297757","name":"Nathan for You","rate":"8.8"},{"rank":"49","id":"tt0063929","name":"Monty Python's Flying Circus","rate":"8.8"},{"rank":"50","id":"tt0108778","name":"Friends","rate":"8.8"},{"rank":"51","id":"tt0112130","name":"Pride and Prejudice","rate":"8.8"},{"rank":"52","id":"tt2085059","name":"Black Mirror","rate":"8.8"},{"rank":"53","id":"tt0098936","name":"Twin Peaks","rate":"8.7"},{"rank":"54","id":"tt3718778","name":"Over the Garden Wall","rate":"8.7"},{"rank":"55","id":"tt2707408","name":"Narcos","rate":"8.7"},{"rank":"56","id":"tt0072500","name":"Fawlty Towers","rate":"8.7"},{"rank":"57","id":"tt0096548","name":"Blackadder Goes Forth","rate":"8.7"},{"rank":"58","id":"tt0193676","name":"Freaks and Geeks","rate":"8.7"},{"rank":"59","id":"tt0472954","name":"It's Always Sunny in Philadelphia","rate":"8.7"},{"rank":"60","id":"tt9432978","name":"Kota Factory","rate":"8.7"},{"rank":"61","id":"tt0353049","name":"Chappelle's Show","rate":"8.7"},{"rank":"62","id":"tt3032476","name":"Better Call Saul","rate":"8.7"},{"rank":"63","id":"tt2442560","name":"Peaky Blinders","rate":"8.7"},{"rank":"64","id":"tt8111088","name":"The Mandalorian","rate":"8.7"},{"rank":"65","id":"tt4508902","name":"One Punch Man","rate":"8.7"},{"rank":"66","id":"tt5753856","name":"Dark","rate":"8.7"},{"rank":"67","id":"tt0200276","name":"The West Wing","rate":"8.7"},{"rank":"68","id":"tt1910272","name":"Steins;Gate","rate":"8.7"},{"rank":"69","id":"tt10986410","name":"Ted Lasso","rate":"8.7"},{"rank":"70","id":"tt0121220","name":"Dragon Ball Z","rate":"8.7"},{"rank":"71","id":"tt3398228","name":"BoJack Horseman","rate":"8.7"},{"rank":"72","id":"tt0384766","name":"Rome","rate":"8.7"},{"rank":"73","id":"tt0214341","name":"Dragon Ball Z","rate":"8.7"},{"rank":"74","id":"tt0264235","name":"Curb Your Enthusiasm","rate":"8.7"},{"rank":"75","id":"tt6741278","name":"Invincible","rate":"8.7"},{"rank":"76","id":"tt0074006","name":"I, Claudius","rate":"8.7"},{"rank":"77","id":"tt0118421","name":"Oz","rate":"8.7"},{"rank":"78","id":"tt14392248","name":"Aspirants","rate":"8.7"},{"rank":"79","id":"tt5687612","name":"Fleabag","rate":"8.7"},{"rank":"80","id":"tt10233448","name":"Vinland Saga","rate":"8.7"},{"rank":"81","id":"tt0367279","name":"Arrested Development","rate":"8.7"},{"rank":"82","id":"tt1831164","name":"Leyla and Mecnun","rate":"8.7"},{"rank":"83","id":"tt4574334","name":"Stranger Things","rate":"8.7"},{"rank":"84","id":"tt5788792","name":"The Marvelous Mrs. Maisel","rate":"8.6"},{"rank":"85","id":"tt0248654","name":"Six Feet Under","rate":"8.6"},{"rank":"86","id":"tt0086661","name":"The Adventures of Sherlock Holmes","rate":"8.6"},{"rank":"87","id":"tt0121955","name":"South Park","rate":"8.6"},{"rank":"88","id":"tt1190634","name":"The Boys","rate":"8.6"},{"rank":"89","id":"tt1856010","name":"House of Cards","rate":"8.6"},{"rank":"90","id":"tt0268093","name":"Ramayan","rate":"8.6"},{"rank":"91","id":"tt10530900","name":"Gullak","rate":"8.6"},{"rank":"92","id":"tt0388629","name":"One Piece","rate":"8.6"},{"rank":"93","id":"tt0407362","name":"Battlestar Galactica","rate":"8.6"},{"rank":"94","id":"tt6025022","name":"Justice League Unlimited","rate":"8.6"},{"rank":"95","id":"tt0459159","name":"The Thick of It","rate":"8.6"},{"rank":"96","id":"tt0412142","name":"House","rate":"8.6"},{"rank":"97","id":"tt4299972","name":"The Jinx: The Life and Deaths of Robert Durst","rate":"8.6"},{"rank":"98","id":"tt0096697","name":"The Simpsons","rate":"8.6"},{"rank":"99","id":"tt9140342","name":"It's a Sin","rate":"8.6"},{"rank":"100","id":"tt7660850","name":"Succession","rate":"8.6"},{"rank":"101","id":"tt0286486","name":"The Shield","rate":"8.6"},{"rank":"102","id":"tt0090509","name":"The Return of Sherlock Holmes","rate":"8.6"},{"rank":"103","id":"tt4786824","name":"The Crown","rate":"8.6"},{"rank":"104","id":"tt0318871","name":"Berserk","rate":"8.6"},{"rank":"105","id":"tt1606375","name":"Downton Abbey","rate":"8.6"},{"rank":"106","id":"tt5712554","name":"The Grand Tour","rate":"8.6"},{"rank":"107","id":"tt2303687","name":"Line of Duty","rate":"8.6"},{"rank":"108","id":"tt0348914","name":"Deadwood","rate":"8.6"},{"rank":"109","id":"tt1628033","name":"Top Gear","rate":"8.6"},{"rank":"110","id":"tt0158417","name":"Mahabharat","rate":"8.6"},{"rank":"111","id":"tt0092455","name":"Star Trek: The Next Generation","rate":"8.6"},{"rank":"112","id":"tt3398540","name":"Haikyuu!!","rate":"8.6"},{"rank":"113","id":"tt0096639","name":"Lonesome Dove","rate":"8.6"},{"rank":"114","id":"tt4288182","name":"Atlanta","rate":"8.6"},{"rank":"115","id":"tt8289930","name":"Formula 1: Drive to Survive","rate":"8.6"},{"rank":"116","id":"tt1733785","name":"The Bridge","rate":"8.6"},{"rank":"117","id":"tt0804503","name":"Mad Men","rate":"8.6"},{"rank":"118","id":"tt0994314","name":"Code Geass","rate":"8.6"},{"rank":"119","id":"tt9335498","name":"Demon Slayer: Kimetsu no Yaiba Entertainment District Arc","rate":"8.6"},{"rank":"120","id":"tt1518542","name":"Sarabhai V\/S Sarabhai","rate":"8.6"},{"rank":"121","id":"tt0088484","name":"Blackadder II","rate":"8.6"},{"rank":"122","id":"tt1266020","name":"Parks and Recreation","rate":"8.6"},{"rank":"123","id":"tt8595766","name":"Yeh Meri Family","rate":"8.6"},{"rank":"124","id":"tt0106179","name":"The X-Files","rate":"8.6"},{"rank":"125","id":"tt0475784","name":"Westworld","rate":"8.6"},{"rank":"126","id":"tt0387764","name":"Peep Show","rate":"8.6"},{"rank":"127","id":"tt12343534","name":"Jujutsu Kaisen","rate":"8.6"},{"rank":"128","id":"tt0434706","name":"Monster","rate":"8.6"},{"rank":"129","id":"tt0758745","name":"Friday Night Lights","rate":"8.6"},{"rank":"130","id":"tt2049116","name":"Gomorrah","rate":"8.6"},{"rank":"131","id":"tt0314979","name":"Battlestar Galactica","rate":"8.6"},{"rank":"132","id":"tt6763664","name":"The Haunting of Hill House","rate":"8.6"},{"rank":"133","id":"tt5290382","name":"Mindhunter","rate":"8.6"},{"rank":"134","id":"tt5555260","name":"This Is Us","rate":"8.6"},{"rank":"135","id":"tt1641384","name":"Young Justice","rate":"8.6"},{"rank":"136","id":"tt5421602","name":"Anne with an E","rate":"8.6"},{"rank":"137","id":"tt0773262","name":"Dexter","rate":"8.6"},{"rank":"138","id":"tt0092324","name":"Blackadder the Third","rate":"8.6"},{"rank":"139","id":"tt0111958","name":"Father Ted","rate":"8.5"},{"rank":"140","id":"tt0053488","name":"The Bugs Bunny Show","rate":"8.5"},{"rank":"141","id":"tt1486217","name":"Archer","rate":"8.5"},{"rank":"142","id":"tt10048342","name":"The Queen's Gambit","rate":"8.5"},{"rank":"143","id":"tt3322312","name":"Daredevil","rate":"8.5"},{"rank":"144","id":"tt2244495","name":"The Eric Andre Show","rate":"8.5"},{"rank":"145","id":"tt1870479","name":"The Newsroom","rate":"8.5"},{"rank":"146","id":"tt12004706","name":"Panchayat","rate":"8.5"},{"rank":"147","id":"tt0380136","name":"QI","rate":"8.5"},{"rank":"148","id":"tt10850932","name":"Crash Landing on You","rate":"8.5"},{"rank":"149","id":"tt0080306","name":"Yes Minister","rate":"8.5"},{"rank":"150","id":"tt0203082","name":"Rurouni Kenshin: Trust and Betrayal","rate":"8.5"},{"rank":"151","id":"tt1795096","name":"Behzat \u00c7.: Bir Ankara Polisiyesi","rate":"8.5"},{"rank":"152","id":"tt1513168","name":"Through the Wormhole","rate":"8.5"},{"rank":"153","id":"tt0094525","name":"Poirot","rate":"8.5"},{"rank":"154","id":"tt5189670","name":"Making a Murderer","rate":"8.5"},{"rank":"155","id":"tt0403778","name":"Long Way Round","rate":"8.5"},{"rank":"156","id":"tt7221388","name":"Cobra Kai","rate":"8.5"},{"rank":"157","id":"tt0417349","name":"North & South","rate":"8.5"},{"rank":"158","id":"tt1489428","name":"Justified","rate":"8.5"},{"rank":"159","id":"tt0187664","name":"Spaced","rate":"8.5"},{"rank":"160","id":"tt0275137","name":"Justice League","rate":"8.5"},{"rank":"161","id":"tt7562112","name":"Pose","rate":"8.5"},{"rank":"162","id":"tt0120570","name":"From the Earth to the Moon","rate":"8.5"},{"rank":"163","id":"tt0112159","name":"Neon Genesis Evangelion","rate":"8.5"},{"rank":"164","id":"tt0096657","name":"Mr. Bean","rate":"8.5"},{"rank":"165","id":"tt9544034","name":"The Family Man","rate":"8.5"},{"rank":"166","id":"tt0988824","name":"Naruto: Shipp\u00fbden","rate":"8.5"},{"rank":"167","id":"tt0979432","name":"Boardwalk Empire","rate":"8.5"},{"rank":"168","id":"tt0086831","name":"Yes, Prime Minister","rate":"8.5"},{"rank":"169","id":"tt0423731","name":"Samurai Champloo","rate":"8.5"},{"rank":"170","id":"tt0088509","name":"Dragon Ball","rate":"8.5"},{"rank":"171","id":"tt4093826","name":"Twin Peaks","rate":"8.5"},{"rank":"172","id":"tt0280249","name":"Dragon Ball","rate":"8.5"},{"rank":"173","id":"tt0863046","name":"Flight of the Conchords","rate":"8.5"},{"rank":"174","id":"tt1305826","name":"Adventure Time","rate":"8.5"},{"rank":"175","id":"tt0094517","name":"Mystery Science Theater 3000","rate":"8.5"},{"rank":"176","id":"tt4158110","name":"Mr. Robot","rate":"8.5"},{"rank":"177","id":"tt0487831","name":"The IT Crowd","rate":"8.5"},{"rank":"178","id":"tt5897304","name":"Mob Psycho 100","rate":"8.5"},{"rank":"179","id":"tt0421357","name":"Fullmetal Alchemist","rate":"8.5"},{"rank":"180","id":"tt0237123","name":"Coupling","rate":"8.5"},{"rank":"181","id":"tt0047708","name":"Alfred Hitchcock Presents","rate":"8.5"},{"rank":"182","id":"tt0436992","name":"Doctor Who","rate":"8.5"},{"rank":"183","id":"tt7908628","name":"What We Do in the Shadows","rate":"8.5"},{"rank":"184","id":"tt0106028","name":"Homicide: Life on the Street","rate":"8.5"},{"rank":"185","id":"tt5288312","name":"Skam","rate":"8.5"},{"rank":"186","id":"tt4082744","name":"Detectorists","rate":"8.5"},{"rank":"187","id":"tt4647692","name":"Letterkenny","rate":"8.5"},{"rank":"188","id":"tt2701582","name":"Endeavour","rate":"8.5"},{"rank":"189","id":"tt4236770","name":"Yellowstone","rate":"8.5"},{"rank":"190","id":"tt2575988","name":"Silicon Valley","rate":"8.5"},{"rank":"191","id":"tt0995832","name":"Generation Kill","rate":"8.5"},{"rank":"192","id":"tt1492966","name":"Louie","rate":"8.5"},{"rank":"193","id":"tt12451520","name":"It's Okay to Not Be Okay","rate":"8.5"},{"rank":"194","id":"tt2100976","name":"Impractical Jokers","rate":"8.5"},{"rank":"195","id":"tt4295140","name":"Chef's Table","rate":"8.5"},{"rank":"196","id":"tt1586680","name":"Shameless","rate":"8.5"},{"rank":"197","id":"tt3895150","name":"Your Lie in April","rate":"8.5"},{"rank":"198","id":"tt2243973","name":"Hannibal","rate":"8.5"},{"rank":"199","id":"tt1758429","name":"Spartacus: Gods of the Arena","rate":"8.5"},{"rank":"200","id":"tt0290978","name":"The Office","rate":"8.5"},{"rank":"201","id":"tt2401256","name":"The Night Of","rate":"8.5"},{"rank":"202","id":"tt3230854","name":"The Expanse","rate":"8.5"},{"rank":"203","id":"tt1534360","name":"Ezel","rate":"8.5"},{"rank":"204","id":"tt0278238","name":"Samurai Jack","rate":"8.5"},{"rank":"205","id":"tt7472896","name":"Mr Inbetween","rate":"8.5"},{"rank":"206","id":"tt0163507","name":"Whose Line Is It Anyway?","rate":"8.4"},{"rank":"207","id":"tt3920596","name":"Big Little Lies","rate":"8.4"},{"rank":"208","id":"tt11301642","name":"Ethos","rate":"8.4"},{"rank":"209","id":"tt1124373","name":"Sons of Anarchy","rate":"8.4"},{"rank":"210","id":"tt0129690","name":"I'm Alan Partridge","rate":"8.4"},{"rank":"211","id":"tt6958022","name":"The Defiant Ones","rate":"8.4"},{"rank":"212","id":"tt1442449","name":"Spartacus","rate":"8.4"},{"rank":"213","id":"tt5249462","name":"Erased","rate":"8.4"},{"rank":"214","id":"tt10155688","name":"Mare of Easttown","rate":"8.4"},{"rank":"215","id":"tt7658402","name":"Harley Quinn","rate":"8.4"},{"rank":"216","id":"tt0262150","name":"Black Books","rate":"8.4"},{"rank":"217","id":"tt7278862","name":"My Brilliant Friend","rate":"8.4"},{"rank":"218","id":"tt0472027","name":"John Adams","rate":"8.4"},{"rank":"219","id":"tt9561862","name":"Love, Death & Robots","rate":"8.4"},{"rank":"220","id":"tt9398466","name":"Delhi Crime","rate":"8.4"},{"rank":"221","id":"tt0417373","name":"The Venture Bros.","rate":"8.4"},{"rank":"222","id":"tt0118266","name":"The New Batman Adventures","rate":"8.4"},{"rank":"223","id":"tt3526078","name":"Schitt's Creek","rate":"8.4"},{"rank":"224","id":"tt2937900","name":"The Knick","rate":"8.4"},{"rank":"225","id":"tt1227926","name":"Dr. Horrible's Sing-Along Blog","rate":"8.4"},{"rank":"226","id":"tt1439629","name":"Community","rate":"8.4"},{"rank":"227","id":"tt5675620","name":"The Punisher","rate":"8.4"},{"rank":"228","id":"tt2433738","name":"Wentworth","rate":"8.4"},{"rank":"229","id":"tt2674806","name":"Inside No. 9","rate":"8.4"},{"rank":"230","id":"tt5425186","name":"Horace and Pete","rate":"8.4"},{"rank":"231","id":"tt0421291","name":"Avrupa Yakasi","rate":"8.4"},{"rank":"232","id":"tt0070644","name":"Scenes from a Marriage","rate":"8.4"},{"rank":"233","id":"tt1883092","name":"Generation War","rate":"8.4"},{"rank":"234","id":"tt7927936","name":"Flames","rate":"8.4"},{"rank":"235","id":"tt0346314","name":"Ghost in the Shell: Stand Alone Complex","rate":"8.4"},{"rank":"236","id":"tt0149460","name":"Futurama","rate":"8.4"},{"rank":"237","id":"tt0807832","name":"Mushi-Shi","rate":"8.4"},{"rank":"238","id":"tt0075520","name":"Jesus of Nazareth","rate":"8.4"},{"rank":"239","id":"tt1984119","name":"Feud: Bette and Joan","rate":"8.4"},{"rank":"240","id":"tt5994364","name":"Guardian: The Lonely and Great God","rate":"8.4"},{"rank":"241","id":"tt1474684","name":"Luther","rate":"8.4"},{"rank":"242","id":"tt0103584","name":"X-Men: The Animated Series","rate":"8.4"},{"rank":"243","id":"tt6077448","name":"Sacred Games","rate":"8.4"},{"rank":"244","id":"tt2306299","name":"Vikings","rate":"8.4"},{"rank":"245","id":"tt0397150","name":"Garth Marenghi's Darkplace","rate":"8.4"},{"rank":"246","id":"tt0182629","name":"Rurouni Kenshin","rate":"8.4"},{"rank":"247","id":"tt0098825","name":"House of Cards","rate":"8.4"},{"rank":"248","id":"tt9059760","name":"Normal People","rate":"8.4"},{"rank":"249","id":"tt0088727","name":"Anne of Green Gables","rate":"8.4"},{"rank":"250","id":"tt0061287","name":"The Prisoner","rate":"8.4"}],"created_at":1632245851}