{"result":{"1":[{"episode":"1","name":"3 AM","imdb_id":"tt5690490"},{"episode":"2","name":"Two Dead Men","imdb_id":"tt5690496"},{"episode":"3","name":"Kandahar","imdb_id":"tt5690500"},{"episode":"4","name":"Resupply","imdb_id":"tt5690506"},{"episode":"5","name":"Gunner","imdb_id":"tt5690514"},{"episode":"6","name":"The Judas Goat","imdb_id":"tt5690526"},{"episode":"7","name":"Crosshairs","imdb_id":"tt5690528"},{"episode":"8","name":"Cold Steel","imdb_id":"tt5690534"},{"episode":"9","name":"Front Toward Enemy","imdb_id":"tt5690538"},{"episode":"10","name":"Virtue of the Vicious","imdb_id":"tt5690544"},{"episode":"11","name":"Danger Close","imdb_id":"tt5690548"},{"episode":"12","name":"Home","imdb_id":"tt5690552"},{"episode":"13","name":"Memento Mori","imdb_id":"tt5690560"}],"2":[{"episode":"1","name":"Roadhouse Blues","imdb_id":"tt7746006"},{"episode":"2","name":"Fight or Flight","imdb_id":"tt8050238"},{"episode":"3","name":"Trouble the Water","imdb_id":"tt8230684"},{"episode":"4","name":"Scar Tissue","imdb_id":"tt8762254"},{"episode":"5","name":"One-Eyed Jacks","imdb_id":"tt8709448"},{"episode":"6","name":"Nakazat","imdb_id":"tt8762262"},{"episode":"7","name":"One Bad Day","imdb_id":"tt8762270"},{"episode":"8","name":"My Brother's Keeper","imdb_id":"tt8581084"},{"episode":"9","name":"Flustercluck","imdb_id":"tt8390538"},{"episode":"10","name":"The Dark Hearts of Men","imdb_id":"tt8639358"},{"episode":"11","name":"The Abyss","imdb_id":"tt8737922"},{"episode":"12","name":"Collision Course","imdb_id":"tt8737924"},{"episode":"13","name":"The Whirlwind","imdb_id":"tt8737926"}]},"created_at":1631221337}