{"result":{"1":[{"episode":"1","name":"The One Where Monica Gets a Roommate","imdb_id":"tt0583459"},{"episode":"2","name":"The One with the Sonogram at the End","imdb_id":"tt0583647"},{"episode":"3","name":"The One with the Thumb","imdb_id":"tt0583653"},{"episode":"4","name":"The One with George Stephanopoulos","imdb_id":"tt0583521"},{"episode":"5","name":"The One with the East German Laundry Detergent","imdb_id":"tt0583599"},{"episode":"6","name":"The One with the Butt","imdb_id":"tt0583585"},{"episode":"7","name":"The One with the Blackout","imdb_id":"tt0583579"},{"episode":"8","name":"The One Where Nana Dies Twice","imdb_id":"tt0583462"},{"episode":"9","name":"The One Where Underdog Gets Away","imdb_id":"tt0583492"},{"episode":"10","name":"The One with the Monkey","imdb_id":"tt0583630"},{"episode":"11","name":"The One with Mrs. Bing","imdb_id":"tt0583534"},{"episode":"12","name":"The One with the Dozen Lasagnas","imdb_id":"tt0583598"},{"episode":"13","name":"The One with the Boobies","imdb_id":"tt0583582"},{"episode":"14","name":"The One with the Candy Hearts","imdb_id":"tt0583587"},{"episode":"15","name":"The One with the Stoned Guy","imdb_id":"tt0583649"},{"episode":"16","name":"The One with Two Parts: Part 1","imdb_id":"tt0583568"},{"episode":"17","name":"The One with Two Parts: Part 2","imdb_id":"tt0583569"},{"episode":"18","name":"The One with All the Poker","imdb_id":"tt0583510"},{"episode":"19","name":"The One Where the Monkey Gets Away","imdb_id":"tt0583493"},{"episode":"20","name":"The One with the Evil Orthodontist","imdb_id":"tt0583602"},{"episode":"21","name":"The One with the Fake Monica","imdb_id":"tt0583603"},{"episode":"22","name":"The One with the Ick Factor","imdb_id":"tt0583616"},{"episode":"23","name":"The One with the Birth","imdb_id":"tt0583577"},{"episode":"24","name":"The One Where Rachel Finds Out","imdb_id":"tt0583469"}],"2":[{"episode":"1","name":"The One with Ross's New Girlfriend","imdb_id":"tt0583562"},{"episode":"2","name":"The One with the Breast Milk","imdb_id":"tt0583583"},{"episode":"3","name":"The One Where Heckles Dies","imdb_id":"tt0583453"},{"episode":"4","name":"The One with Phoebe's Husband","imdb_id":"tt0583539"},{"episode":"5","name":"The One with Five Steaks and an Eggplant","imdb_id":"tt0583519"},{"episode":"6","name":"The One with the Baby on the Bus","imdb_id":"tt0583574"},{"episode":"7","name":"The One Where Ross Finds Out","imdb_id":"tt0583481"},{"episode":"8","name":"The One with the List","imdb_id":"tt0583625"},{"episode":"9","name":"The One with Phoebe's Dad","imdb_id":"tt0583537"},{"episode":"10","name":"The One with Russ","imdb_id":"tt0583567"},{"episode":"11","name":"The One with the Lesbian Wedding","imdb_id":"tt0583624"},{"episode":"12","name":"The One After the Superbowl: Part 1","imdb_id":"tt0583439"},{"episode":"13","name":"The One After the Superbowl: Part 2","imdb_id":"tt0831047"},{"episode":"14","name":"The One with the Prom Video","imdb_id":"tt0583635"},{"episode":"15","name":"The One Where Ross and Rachel... You Know","imdb_id":"tt0583488"},{"episode":"16","name":"The One Where Joey Moves Out","imdb_id":"tt0583456"},{"episode":"17","name":"The One Where Eddie Moves In","imdb_id":"tt0583448"},{"episode":"18","name":"The One Where Dr. Ramoray Dies","imdb_id":"tt0583447"},{"episode":"19","name":"The One Where Eddie Won't Go","imdb_id":"tt0583449"},{"episode":"20","name":"The One Where Old Yeller Dies","imdb_id":"tt0583465"},{"episode":"21","name":"The One with the Bullies","imdb_id":"tt0583584"},{"episode":"22","name":"The One with the Two Parties","imdb_id":"tt0583656"},{"episode":"23","name":"The One with the Chicken Pox","imdb_id":"tt0583591"},{"episode":"24","name":"The One with Barry and Mindy's Wedding","imdb_id":"tt0583514"}],"3":[{"episode":"1","name":"The One with the Princess Leia Fantasy","imdb_id":"tt0583634"},{"episode":"2","name":"The One Where No One's Ready","imdb_id":"tt0583464"},{"episode":"3","name":"The One with the Jam","imdb_id":"tt0583619"},{"episode":"4","name":"The One with the Metaphorical Tunnel","imdb_id":"tt0583629"},{"episode":"5","name":"The One with Frank Jr.","imdb_id":"tt0583520"},{"episode":"6","name":"The One with the Flashback","imdb_id":"tt0583606"},{"episode":"7","name":"The One with the Race Car Bed","imdb_id":"tt0583637"},{"episode":"8","name":"The One with the Giant Poking Device","imdb_id":"tt0583609"},{"episode":"9","name":"The One with the Football","imdb_id":"tt0583607"},{"episode":"10","name":"The One Where Rachel Quits","imdb_id":"tt0583474"},{"episode":"11","name":"The One Where Chandler Can't Remember Which Sister","imdb_id":"tt0583443"},{"episode":"12","name":"The One with All the Jealousy","imdb_id":"tt0583506"},{"episode":"13","name":"The One Where Monica and Richard Are Just Friends","imdb_id":"tt0583461"},{"episode":"14","name":"The One with Phoebe's Ex-Partner","imdb_id":"tt0583538"},{"episode":"15","name":"The One Where Ross and Rachel Take a Break","imdb_id":"tt0583487"},{"episode":"16","name":"The One with the Morning After","imdb_id":"tt0583501"},{"episode":"17","name":"The One Without the Ski Trip","imdb_id":"tt0583495"},{"episode":"18","name":"The One with the Hypnosis Tape","imdb_id":"tt0583615"},{"episode":"19","name":"The One with the Tiny T-Shirt","imdb_id":"tt0583654"},{"episode":"20","name":"The One with the Dollhouse","imdb_id":"tt0583596"},{"episode":"21","name":"The One with the Chick and the Duck","imdb_id":"tt0583590"},{"episode":"22","name":"The One with the Screamer","imdb_id":"tt0583643"},{"episode":"23","name":"The One with Ross's Thing","imdb_id":"tt0583565"},{"episode":"24","name":"The One with the Ultimate Fighting Champion","imdb_id":"tt0583657"},{"episode":"25","name":"The One at the Beach","imdb_id":"tt0583496"}],"4":[{"episode":"1","name":"The One with the Jellyfish","imdb_id":"tt0583620"},{"episode":"2","name":"The One with the Cat","imdb_id":"tt0583588"},{"episode":"3","name":"The One with the 'Cuffs","imdb_id":"tt0583571"},{"episode":"4","name":"The One with the Ballroom Dancing","imdb_id":"tt0583576"},{"episode":"5","name":"The One with Joey's New Girlfriend","imdb_id":"tt0583529"},{"episode":"6","name":"The One with the Dirty Girl","imdb_id":"tt0583595"},{"episode":"7","name":"The One Where Chandler Crosses the Line","imdb_id":"tt0583444"},{"episode":"8","name":"The One with Chandler in a Box","imdb_id":"tt0583515"},{"episode":"9","name":"The One Where They're Going to Party!","imdb_id":"tt0583490"},{"episode":"10","name":"The One with the Girl from Poughkeepsie","imdb_id":"tt0583611"},{"episode":"11","name":"The One with Phoebe's Uterus","imdb_id":"tt0583541"},{"episode":"12","name":"The One with the Embryos","imdb_id":"tt0583600"},{"episode":"13","name":"The One with Rachel's Crush","imdb_id":"tt0583547"},{"episode":"14","name":"The One with Joey's Dirty Day","imdb_id":"tt0583525"},{"episode":"15","name":"The One with All the Rugby","imdb_id":"tt0583512"},{"episode":"16","name":"The One with the Fake Party","imdb_id":"tt0583604"},{"episode":"17","name":"The One with the Free Porn","imdb_id":"tt0583608"},{"episode":"18","name":"The One with Rachel's New Dress","imdb_id":"tt0583552"},{"episode":"19","name":"The One with All the Haste","imdb_id":"tt0583505"},{"episode":"20","name":"The One with All the Wedding Dresses","imdb_id":"tt0583513"},{"episode":"21","name":"The One with the Invitation","imdb_id":"tt0583618"},{"episode":"22","name":"The One with the Worst Best Man Ever","imdb_id":"tt0583659"},{"episode":"23","name":"The One with Ross's Wedding: Part 1","imdb_id":"tt0583566"},{"episode":"24","name":"The One with Ross's Wedding: Part 2","imdb_id":"tt0831991"}],"5":[{"episode":"1","name":"The One After Ross Says Rachel","imdb_id":"tt0583437"},{"episode":"2","name":"The One with All the Kissing","imdb_id":"tt0583507"},{"episode":"3","name":"The One Hundredth","imdb_id":"tt0583440"},{"episode":"4","name":"The One Where Phoebe Hates PBS","imdb_id":"tt0583467"},{"episode":"5","name":"The One with the Kips","imdb_id":"tt0583622"},{"episode":"6","name":"The One with the Yeti","imdb_id":"tt0583660"},{"episode":"7","name":"The One Where Ross Moves In","imdb_id":"tt0583486"},{"episode":"8","name":"The One with All the Thanksgivings","imdb_id":"tt0583652"},{"episode":"9","name":"The One with Ross's Sandwich","imdb_id":"tt0583563"},{"episode":"10","name":"The One with the Inappropriate Sister","imdb_id":"tt0583617"},{"episode":"11","name":"The One with All the Resolutions","imdb_id":"tt0583511"},{"episode":"12","name":"The One with Chandler's Work Laugh","imdb_id":"tt0583517"},{"episode":"13","name":"The One with Joey's Bag","imdb_id":"tt0583523"},{"episode":"14","name":"The One Where Everybody Finds Out","imdb_id":"tt0583452"},{"episode":"15","name":"The One with the Girl Who Hits Joey","imdb_id":"tt0583610"},{"episode":"16","name":"The One with the Cop","imdb_id":"tt0583593"},{"episode":"17","name":"The One with Rachel's Inadvertent Kiss","imdb_id":"tt0583551"},{"episode":"18","name":"The One Where Rachel Smokes","imdb_id":"tt0583475"},{"episode":"19","name":"The One Where Ross Can't Flirt","imdb_id":"tt0583479"},{"episode":"20","name":"The One with the Ride Along","imdb_id":"tt0583639"},{"episode":"21","name":"The One with the Ball","imdb_id":"tt0583575"},{"episode":"22","name":"The One with Joey's Big Break","imdb_id":"tt0583524"},{"episode":"23","name":"The One in Vegas: Part 1","imdb_id":"tt0583500"},{"episode":"24","name":"The One in Vegas: Part 2","imdb_id":"tt0831990"}],"6":[{"episode":"1","name":"The One After Vegas","imdb_id":"tt0583438"},{"episode":"2","name":"The One Where Ross Hugs Rachel","imdb_id":"tt0583483"},{"episode":"3","name":"The One with Ross's Denial","imdb_id":"tt0583560"},{"episode":"4","name":"The One Where Joey Loses His Insurance","imdb_id":"tt0583455"},{"episode":"5","name":"The One with Joey's Porsche","imdb_id":"tt0583530"},{"episode":"6","name":"The One on the Last Night","imdb_id":"tt0756481"},{"episode":"7","name":"The One Where Phoebe Runs","imdb_id":"tt0583468"},{"episode":"8","name":"The One with Ross' Teeth","imdb_id":"tt0583559"},{"episode":"9","name":"The One Where Ross Got High","imdb_id":"tt0583482"},{"episode":"10","name":"The One with the Routine","imdb_id":"tt0583641"},{"episode":"11","name":"The One with the Apothecary Table","imdb_id":"tt0583572"},{"episode":"12","name":"The One with the Joke","imdb_id":"tt0583621"},{"episode":"13","name":"The One with Rachel's Sister","imdb_id":"tt0583555"},{"episode":"14","name":"The One Where Chandler Can't Cry","imdb_id":"tt0583502"},{"episode":"15","name":"The One That Could Have Been","imdb_id":"tt0583441"},{"episode":"16","name":"The One That Could Have Been","imdb_id":"tt0583442"},{"episode":"17","name":"The One with Unagi","imdb_id":"tt0583570"},{"episode":"18","name":"The One Where Ross Dates a Student","imdb_id":"tt0583480"},{"episode":"19","name":"The One with Joey's Fridge","imdb_id":"tt0583526"},{"episode":"20","name":"The One with Mac and C.H.E.E.S.E.","imdb_id":"tt0756482"},{"episode":"21","name":"The One Where Ross Meets Elizabeth's Dad","imdb_id":"tt0583485"},{"episode":"22","name":"The One Where Paul's the Man","imdb_id":"tt0583466"},{"episode":"23","name":"The One with the Ring","imdb_id":"tt0583640"},{"episode":"24","name":"The One with the Proposal","imdb_id":"tt0583636"},{"episode":"25","name":"The One with the Proposal","imdb_id":"tt0954401"}],"7":[{"episode":"1","name":"The One with Monica's Thunder","imdb_id":"tt0756483"},{"episode":"2","name":"The One with Rachel's Book","imdb_id":"tt0583546"},{"episode":"3","name":"The One with Phoebe's Cookies","imdb_id":"tt0583536"},{"episode":"4","name":"The One with Rachel's Assistant","imdb_id":"tt0583544"},{"episode":"5","name":"The One with the Engagement Picture","imdb_id":"tt0583601"},{"episode":"6","name":"The One with the Nap Partners","imdb_id":"tt0583632"},{"episode":"7","name":"The One with Ross's Library Book","imdb_id":"tt0583558"},{"episode":"8","name":"The One Where Chandler Doesn't Like Dogs","imdb_id":"tt0583431"},{"episode":"9","name":"The One with All the Candy","imdb_id":"tt0583503"},{"episode":"10","name":"The One with the Holiday Armadillo","imdb_id":"tt0583613"},{"episode":"11","name":"The One with All the Cheesecakes","imdb_id":"tt0583504"},{"episode":"12","name":"The One Where They're Up All Night","imdb_id":"tt0583491"},{"episode":"13","name":"The One Where Rosita Dies","imdb_id":"tt0583478"},{"episode":"14","name":"The One Where They All Turn Thirty","imdb_id":"tt0583489"},{"episode":"15","name":"The One with Joey's New Brain","imdb_id":"tt0583528"},{"episode":"16","name":"The One with the Truth About London","imdb_id":"tt0583655"},{"episode":"17","name":"The One with the Cheap Wedding Dress","imdb_id":"tt0583589"},{"episode":"18","name":"The One with Joey's Award","imdb_id":"tt0583522"},{"episode":"19","name":"The One with Ross and Monica's Cousin","imdb_id":"tt0583556"},{"episode":"20","name":"The One with Rachel's Big Kiss","imdb_id":"tt0583545"},{"episode":"21","name":"The One with the Vows","imdb_id":"tt0756484"},{"episode":"22","name":"The One with Chandler's Dad","imdb_id":"tt0583516"},{"episode":"23","name":"The One with Monica and Chandler's Wedding: Part 1","imdb_id":"tt0583531"},{"episode":"24","name":"The One with Monica and Chandler's Wedding: Part 2","imdb_id":"tt0583532"}],"8":[{"episode":"1","name":"The One After I Do","imdb_id":"tt0583435"},{"episode":"2","name":"The One with the Red Sweater","imdb_id":"tt0583638"},{"episode":"3","name":"The One Where Rachel Tells...","imdb_id":"tt0583476"},{"episode":"4","name":"The One with the Videotape","imdb_id":"tt0583658"},{"episode":"5","name":"The One with Rachel's Date","imdb_id":"tt0583548"},{"episode":"6","name":"The One with the Halloween Party","imdb_id":"tt0583612"},{"episode":"7","name":"The One with the Stain","imdb_id":"tt0583648"},{"episode":"8","name":"The One with the Stripper","imdb_id":"tt0583650"},{"episode":"9","name":"The One with the Rumor","imdb_id":"tt0583642"},{"episode":"10","name":"The One with Monica's Boots","imdb_id":"tt0583533"},{"episode":"11","name":"The One with Ross's Step Forward","imdb_id":"tt0583594"},{"episode":"12","name":"The One Where Joey Dates Rachel","imdb_id":"tt0583454"},{"episode":"13","name":"The One Where Chandler Takes a Bath","imdb_id":"tt0583446"},{"episode":"14","name":"The One with the Secret Closet","imdb_id":"tt0583644"},{"episode":"15","name":"The One with the Birthing Video","imdb_id":"tt0583578"},{"episode":"16","name":"The One Where Joey Tells Rachel","imdb_id":"tt0583458"},{"episode":"17","name":"The One with the Tea Leaves","imdb_id":"tt0583651"},{"episode":"18","name":"The One in Massapequa","imdb_id":"tt0583499"},{"episode":"19","name":"The One with Joey's Interview","imdb_id":"tt0583527"},{"episode":"20","name":"The One with the Baby Shower","imdb_id":"tt0583573"},{"episode":"21","name":"The One with the Cooking Class","imdb_id":"tt0583592"},{"episode":"22","name":"The One Where Rachel Is Late","imdb_id":"tt0583473"},{"episode":"23","name":"The One Where Rachel Has a Baby: Part 1","imdb_id":"tt0583471"},{"episode":"24","name":"The One Where Rachel Has a Baby: Part 2","imdb_id":"tt0583472"}],"9":[{"episode":"1","name":"The One Where No One Proposes","imdb_id":"tt0583463"},{"episode":"2","name":"The One Where Emma Cries","imdb_id":"tt0583450"},{"episode":"3","name":"The One with the Pediatrician","imdb_id":"tt0583633"},{"episode":"4","name":"The One with the Sharks","imdb_id":"tt0583645"},{"episode":"5","name":"The One with Phoebe's Birthday Dinner","imdb_id":"tt0583535"},{"episode":"6","name":"The One with the Male Nanny","imdb_id":"tt0583627"},{"episode":"7","name":"The One with Ross's Inappropriate Song","imdb_id":"tt0583561"},{"episode":"8","name":"The One with Rachel's Other Sister","imdb_id":"tt0583553"},{"episode":"9","name":"The One with Rachel's Phone Number","imdb_id":"tt0583554"},{"episode":"10","name":"The One with Christmas in Tulsa","imdb_id":"tt0583518"},{"episode":"11","name":"The One Where Rachel Goes Back to Work","imdb_id":"tt0583470"},{"episode":"12","name":"The One with Phoebe's Rats","imdb_id":"tt0583540"},{"episode":"13","name":"The One Where Monica Sings","imdb_id":"tt0583460"},{"episode":"14","name":"The One with the Blind Dates","imdb_id":"tt0583580"},{"episode":"15","name":"The One with the Mugging","imdb_id":"tt0583631"},{"episode":"16","name":"The One with the Boob Job","imdb_id":"tt0583581"},{"episode":"17","name":"The One with the Memorial Service","imdb_id":"tt0583628"},{"episode":"18","name":"The One with the Lottery","imdb_id":"tt0583626"},{"episode":"19","name":"The One with Rachel's Dream","imdb_id":"tt0583549"},{"episode":"20","name":"The One with the Soap Opera Party","imdb_id":"tt0583646"},{"episode":"21","name":"The One with the Fertility Test","imdb_id":"tt0583605"},{"episode":"22","name":"The One with the Donor","imdb_id":"tt0583597"},{"episode":"23","name":"The One in Barbados","imdb_id":"tt0583497"},{"episode":"24","name":"The One in Barbados","imdb_id":"tt0583498"}],"0":[{"episode":"1","name":"The One After Joey and Rachel Kiss","imdb_id":"tt0583436"},{"episode":"2","name":"The One Where Ross Is Fine","imdb_id":"tt0583484"},{"episode":"3","name":"The One with Ross's Tan","imdb_id":"tt0583564"},{"episode":"4","name":"The One with the Cake","imdb_id":"tt0583586"},{"episode":"5","name":"The One Where Rachel's Sister Babysits","imdb_id":"tt0583477"},{"episode":"6","name":"The One with Ross' Grant","imdb_id":"tt0583557"},{"episode":"7","name":"The One with the Home Study","imdb_id":"tt0583614"},{"episode":"8","name":"The One with the Late Thanksgiving","imdb_id":"tt0583623"},{"episode":"9","name":"The One with the Birth Mother","imdb_id":"tt0583432"},{"episode":"10","name":"The One Where Chandler Gets Caught","imdb_id":"tt0583445"},{"episode":"11","name":"The One Where the Stripper Cries","imdb_id":"tt0583494"},{"episode":"12","name":"The One with Phoebe's Wedding","imdb_id":"tt0583542"},{"episode":"13","name":"The One Where Joey Speaks French","imdb_id":"tt0583457"},{"episode":"14","name":"The One with Princess Consuela","imdb_id":"tt0583543"},{"episode":"15","name":"The One Where Estelle Dies","imdb_id":"tt0583451"},{"episode":"16","name":"The One with Rachel's Going Away Party","imdb_id":"tt0583550"},{"episode":"17","name":"The Last One","imdb_id":"tt0583433"}]},"created_at":1631371742}