{"result":{"1":[{"episode":"1","name":"Ap\u00e9ritif","imdb_id":"tt2370419"},{"episode":"2","name":"Amuse-Bouche","imdb_id":"tt2373027"},{"episode":"3","name":"Potage","imdb_id":"tt2373029"},{"episode":"4","name":"Oeuf","imdb_id":"tt2373031"},{"episode":"5","name":"Coquilles","imdb_id":"tt2373033"},{"episode":"6","name":"Entr\u00e9e","imdb_id":"tt2373035"},{"episode":"7","name":"Sorbet","imdb_id":"tt2373037"},{"episode":"8","name":"Fromage","imdb_id":"tt2373039"},{"episode":"9","name":"Trou Normand","imdb_id":"tt2373041"},{"episode":"10","name":"Buffet Froid","imdb_id":"tt2373019"},{"episode":"11","name":"R\u00f4ti","imdb_id":"tt2373021"},{"episode":"12","name":"Relev\u00e9s","imdb_id":"tt2373023"},{"episode":"13","name":"Savoureux","imdb_id":"tt2373025"}],"2":[{"episode":"1","name":"Kaiseki","imdb_id":"tt3000124"},{"episode":"2","name":"Sakizuke","imdb_id":"tt3230882"},{"episode":"3","name":"Hassun","imdb_id":"tt3230884"},{"episode":"4","name":"Takiawase","imdb_id":"tt3230886"},{"episode":"5","name":"Mukozuke","imdb_id":"tt3230890"},{"episode":"6","name":"Futamono","imdb_id":"tt3230896"},{"episode":"7","name":"Yakimono","imdb_id":"tt3230898"},{"episode":"8","name":"Su-zakana","imdb_id":"tt3230894"},{"episode":"9","name":"Shiizakana","imdb_id":"tt3230900"},{"episode":"10","name":"Naka-Choko","imdb_id":"tt3230904"},{"episode":"11","name":"Ko no Mono","imdb_id":"tt3230906"},{"episode":"12","name":"Tome-wan","imdb_id":"tt3230910"},{"episode":"13","name":"Mizumono","imdb_id":"tt3230908"}],"3":[{"episode":"1","name":"Antipasto","imdb_id":"tt3724578"},{"episode":"2","name":"Primavera","imdb_id":"tt3984450"},{"episode":"3","name":"Secondo","imdb_id":"tt3984452"},{"episode":"4","name":"Aperitivo","imdb_id":"tt3984456"},{"episode":"5","name":"Contorno","imdb_id":"tt4035340"},{"episode":"6","name":"Dolce","imdb_id":"tt4057954"},{"episode":"7","name":"Digestivo","imdb_id":"tt4057962"},{"episode":"8","name":"The Great Red Dragon","imdb_id":"tt4057974"},{"episode":"9","name":"...And the Woman Clothed with the Sun","imdb_id":"tt4089740"},{"episode":"10","name":"...And the Woman Clothed in Sun","imdb_id":"tt4089746"},{"episode":"11","name":"...And the Beast from the Sea","imdb_id":"tt4089748"},{"episode":"12","name":"The Number of the Beast Is 666","imdb_id":"tt4089752"},{"episode":"13","name":"The Wrath of the Lamb","imdb_id":"tt4089754"}]},"created_at":1631563240}