{"result":{"1":[{"episode":"1","name":"Part 1","imdb_id":"tt4108304"},{"episode":"2","name":"Part 2","imdb_id":"tt4108308"},{"episode":"3","name":"Part 3","imdb_id":"tt4108312"},{"episode":"4","name":"Part 4","imdb_id":"tt4108310"},{"episode":"5","name":"Part 5","imdb_id":"tt4108314"},{"episode":"6","name":"Part 6","imdb_id":"tt4108318"},{"episode":"7","name":"Part 7","imdb_id":"tt4108320"},{"episode":"8","name":"Part 8","imdb_id":"tt4108316"},{"episode":"9","name":"Part 9","imdb_id":"tt4108322"},{"episode":"10","name":"Part 10","imdb_id":"tt4706126"},{"episode":"11","name":"Part 11","imdb_id":"tt4706130"},{"episode":"12","name":"Part 12","imdb_id":"tt4706132"},{"episode":"13","name":"Part 13","imdb_id":"tt4706138"},{"episode":"14","name":"Part 14","imdb_id":"tt4706140"},{"episode":"15","name":"Part 15","imdb_id":"tt4706146"},{"episode":"16","name":"Part 16","imdb_id":"tt4706148"},{"episode":"17","name":"Part 17","imdb_id":"tt4706152"},{"episode":"18","name":"Part 18","imdb_id":"tt4706164"}]},"created_at":1631447184}