{"result":{"1":[{"episode":"1","name":"Efectuar lo acordado","imdb_id":"tt6807344"},{"episode":"2","name":"Imprudencias letales","imdb_id":"tt6798708"},{"episode":"3","name":"Errar al disparar","imdb_id":"tt6851488"},{"episode":"4","name":"Caballo de Troya","imdb_id":"tt6851490"},{"episode":"5","name":"El d\u00eda de la marmota","imdb_id":"tt6851492"},{"episode":"6","name":"La c\u00e1lida Guerra Fr\u00eda","imdb_id":"tt6851494"},{"episode":"7","name":"Refrigerada inestabilidad","imdb_id":"tt6851496"},{"episode":"8","name":"T\u00fa lo has buscado","imdb_id":"tt6851500"},{"episode":"9","name":"El que la sigue la consigue","imdb_id":"tt6851502"}],"2":[{"episode":"1","name":"Se acabaron las m\u00e1scaras","imdb_id":"tt6851504"},{"episode":"2","name":"La cabeza del plan","imdb_id":"tt6851506"},{"episode":"3","name":"Cuesti\u00f3n de eficacia","imdb_id":"tt6851508"},{"episode":"4","name":"\u00bfQu\u00e9 hemos hecho?","imdb_id":"tt6851512"},{"episode":"5","name":"A contrarreloj","imdb_id":"tt6851516"},{"episode":"6","name":"Bella ciao","imdb_id":"tt6816492"}],"3":[{"episode":"1","name":"Hemos vuelto","imdb_id":"tt8299494"},{"episode":"2","name":"Aikido","imdb_id":"tt8299496"},{"episode":"3","name":"48 metros bajo el suelo","imdb_id":"tt8299498"},{"episode":"4","name":"La hora del delf\u00edn","imdb_id":"tt8299500"},{"episode":"5","name":"Bum, bum, ciao","imdb_id":"tt8299502"},{"episode":"6","name":"Todo pareci\u00f3 insignificante","imdb_id":"tt8299504"},{"episode":"7","name":"Peque\u00f1as vacaciones","imdb_id":"tt8299506"},{"episode":"8","name":"La deriva","imdb_id":"tt8299508"}],"4":[{"episode":"1","name":"Game over","imdb_id":"tt11312408"},{"episode":"2","name":"La boda de Berl\u00edn","imdb_id":"tt11410648"},{"episode":"3","name":"Lecci\u00f3n de anatom\u00eda","imdb_id":"tt11410656"},{"episode":"4","name":"Suspiros de Espa\u00f1a","imdb_id":"tt11410662"},{"episode":"5","name":"5 minutos antes","imdb_id":"tt11410670"},{"episode":"6","name":"KO t\u00e9cnico","imdb_id":"tt11410672"},{"episode":"7","name":"Tumbar la carpa","imdb_id":"tt11410682"},{"episode":"8","name":"Plan Par\u00eds","imdb_id":"tt11417776"}],"5":[{"episode":"1","name":"El final del camino","imdb_id":"tt12806954"},{"episode":"2","name":"\u00bfCrees en la reencarnaci\u00f3n?","imdb_id":"tt14534006"},{"episode":"3","name":"El espect\u00e1culo de la vida","imdb_id":"tt14534008"},{"episode":"4","name":"Tu sitio en el cielo","imdb_id":"tt14534010"},{"episode":"5","name":"Vivir muchas vidas","imdb_id":"tt14534012"},{"episode":"6","name":"Episode #5.6","imdb_id":"tt14534014"},{"episode":"7","name":"Episode #5.7","imdb_id":"tt14534016"},{"episode":"8","name":"Episode #5.8","imdb_id":"tt14534018"},{"episode":"9","name":"Episode #5.9","imdb_id":"tt14534020"},{"episode":"10","name":"Episode #5.10","imdb_id":"tt14534022"}]},"created_at":1632245034}