{"result":{"1":[{"episode":"1","name":"Raven","imdb_id":"tt6936760"},{"episode":"2","name":"Close Up","imdb_id":"tt6952500"},{"episode":"3","name":"Spying on Pin","imdb_id":"tt6952502"},{"episode":"4","name":"Pony Camp!","imdb_id":"tt6952504"},{"episode":"5","name":"The Sleepover","imdb_id":"tt6952506"},{"episode":"6","name":"Horse Thief Hero","imdb_id":"tt6952508"},{"episode":"7","name":"Emerald","imdb_id":"tt6952512"},{"episode":"8","name":"Pony Prom","imdb_id":"tt6952516"},{"episode":"9","name":"The Search","imdb_id":"tt6952518"},{"episode":"10","name":"Show-down","imdb_id":"tt6952520"}],"2":[{"episode":"1","name":"Rivals","imdb_id":"tt7244000"},{"episode":"2","name":"Golden Boy","imdb_id":"tt8014990"},{"episode":"3","name":"Maid of the Island","imdb_id":"tt8015006"},{"episode":"4","name":"Truth or Dare","imdb_id":"tt8015010"},{"episode":"5","name":"Sweet 16","imdb_id":"tt8015016"},{"episode":"6","name":"Runaway","imdb_id":"tt8016722"},{"episode":"7","name":"Bob","imdb_id":"tt8016726"},{"episode":"8","name":"Gaby","imdb_id":"tt8016728"},{"episode":"9","name":"Road Trip","imdb_id":"tt7639176"},{"episode":"10","name":"Nationals","imdb_id":"tt8016732"},{"episode":"11","name":"The 12 Neighs of Christmas","imdb_id":"tt8381988"}],"3":[{"episode":"1","name":"Valentine's Day","imdb_id":"tt8382012"},{"episode":"2","name":"Wild Horses","imdb_id":"tt9067430"},{"episode":"3","name":"Hunted","imdb_id":"tt10596696"},{"episode":"4","name":"Ariel","imdb_id":"tt8440080"},{"episode":"5","name":"The Tea Party","imdb_id":"tt8454302"},{"episode":"6","name":"Foal O'Clock","imdb_id":"tt9067364"},{"episode":"7","name":"Pony Safari","imdb_id":"tt9067370"},{"episode":"8","name":"Tryouts","imdb_id":"tt9067384"},{"episode":"9","name":"Princess","imdb_id":"tt9067402"},{"episode":"10","name":"Victory Parade","imdb_id":"tt9067416"},{"episode":"11","name":"S.O.S.","imdb_id":"tt9067424"}]},"created_at":1631221354}